timestamp,devWallet,ticker,outcome,pnlSol,peakPct,launches,dead,alive,tier
2026-03-16T02:41:35.155Z,5crEekrxLpUoWbfrH9dT68rrATaEa5Cv7YzQjStGbvZY,Skillscoin,alive,0.0124,24.0,1,0,0,B
2026-03-16T02:42:00.689Z,5crEekrxLpUoWbfrH9dT68rrATaEa5Cv7YzQjStGbvZY,Skillscoin,alive,-0.0186,12.9,1,0,0,B
2026-03-16T02:44:31.786Z,8npMwdBgeJVis4a5i4MhDroSyLCgEHN7tMd6Efz9NUo6,AGENTPORK,alive,-0.0206,11.1,1,0,0,B
2026-03-16T02:45:10.228Z,J9ZFuAdfNAcWiP5kPtv6VxrxxqKsFrJ8pbWT24RGtHyi,Luna,alive,-0.0079,11.7,1,0,0,B
2026-03-16T02:46:40.616Z,3xG5K213fUoWTVqurv7jvvfmE3PgMCxkzmo8NEWCvYma,FAP,dead,-0.0287,-2.0,2,0,0,B
2026-03-16T02:48:01.580Z,B7ExUfQddARMy9EY6WU5VikETysroXd3yx7TqHfPtkVv,USOA,alive,0.0535,32.1,3,0,0,B
2026-03-16T02:48:08.282Z,8Tm2sjnDacVYryjpQZzhmCLzCXV71N2pfxL1qfoyAhc1,TRUMPMOLTY,alive,0.0014,26.3,1,0,0,B
2026-03-16T02:50:46.732Z,8Tm2sjnDacVYryjpQZzhmCLzCXV71N2pfxL1qfoyAhc1,TRUMPMOLTY,alive,0.0688,40.0,1,0,0,B
2026-03-16T02:51:32.701Z,Dzp1SrZ474xwGp6ZEP6cNKo39u9zeXe1YAuTkyZyv3t4,HAPPY,dead,-0.0244,0.8,1,0,0,B
2026-03-16T02:51:33.541Z,HVabKF8DXszhBL8GYmzX6JRCgYuQFGX73o2P9FSUoNvc,ZUCKBOT,alive,0.0516,32.0,1,0,0,B
2026-03-16T02:53:30.948Z,GBuCG5MyT2gBmnopsQEomUMgPknRCrfvoNF8t2M44ZYg,AGENTPUNCH,dead,-0.0326,2.0,1,0,0,B
2026-03-16T02:53:47.280Z,Dwo2kj88YYhwcFJiybTjXezR9a6QjkMASz5xXD7kujXC,Solana,dead,-0.0269,-0.6,1,0,0,B
2026-03-16T02:54:37.152Z,HVabKF8DXszhBL8GYmzX6JRCgYuQFGX73o2P9FSUoNvc,TRUMPMOLTY,dead,-0.0400,-1.5,2,0,0,B
2026-03-16T02:54:37.801Z,6K36gAFHqgo9qvBaWU2ytqXvfMbHPReRskT2FFCbM5TK,metaclaw,dead,-0.0127,-1.8,1,0,0,B
2026-03-16T02:54:54.568Z,5crEekrxLpUoWbfrH9dT68rrATaEa5Cv7YzQjStGbvZY,GLITCH,dead,-0.0192,-0.4,2,0,0,B
2026-03-16T02:55:19.383Z,5DkfTn6wAjiifiFhHDWWCbGdmbGVX6AvyzPCzaRkfZjR,TDS,alive,0.0571,34.0,1,0,0,B
2026-03-16T02:56:02.672Z,68sho1oqKLgE3bMx6GKYgAiCWfmNcdW2yaHV3sbAETdi,Economy,dead,-0.0219,4.6,1,0,0,B
2026-03-16T02:56:14.794Z,AdxDs2thiYKPLuktokb2CFeh6QhBEDNe6QyvrhzUAakA,Roach,dead,-0.0163,-2.0,1,0,0,B
2026-03-16T02:58:08.926Z,FZPxx6MohGERgKpQxnDUL5NqnYWmQviMi7kfzS7kHXtU,IVANKA,alive,-0.0725,14.7,1,0,0,B
2026-03-16T02:58:45.073Z,2VRuBqjQA5Cx4niv54aAQ2k5KtMooxmqYZBzeSCfTycN,LARP,dead,-0.0305,2.8,4,0,0,B
2026-03-16T02:58:56.449Z,3eVLqs1HBbq2LXSJqmtPXSaDqdK4sS873UPD2q1m5hoA,YOTUS,alive,-0.0106,11.8,1,0,0,B
2026-03-16T02:59:03.674Z,69HMijBxNA55dj1tBqpHf9m1enG5SJsDw7CaSsLkWrLL,HOSPICE,dead,-0.0127,2.9,1,0,0,B
2026-03-16T03:00:30.482Z,FZPxx6MohGERgKpQxnDUL5NqnYWmQviMi7kfzS7kHXtU,SOLHOUSE,alive,-0.0251,25.1,2,0,0,B
2026-03-16T03:00:47.948Z,HVabKF8DXszhBL8GYmzX6JRCgYuQFGX73o2P9FSUoNvc,AlonHouse,alive,0.0586,37.6,3,0,0,B
2026-03-16T03:01:32.017Z,39ViPhpGCbXSq8xWEUD8Mf7DwAttvvGM4NFeFvu2F3ea,武侠猫,alive,0.0671,50.0,1,0,0,B
2026-03-16T03:02:21.850Z,A6Koyst4zcRKqeu1o621YouyHLwpYvJxumBC2cWuQJmF,HODLWOOD,alive,-0.0152,5.2,1,0,0,B
2026-03-16T03:05:44.987Z,GPq5mSL5EEgM3EYKpH2Ltfckf7TpqwouGPRTsJA6a9Mi,Blep,alive,0.0533,32.1,1,0,0,B
2026-03-16T03:07:40.157Z,HVabKF8DXszhBL8GYmzX6JRCgYuQFGX73o2P9FSUoNvc,Burn,alive,0.0609,40.4,4,0,0,B
2026-03-16T03:08:02.406Z,AV7PjXHL5JXZ1YoYRoN9Dsstg1x2UciBupMCXcJP8gUz,MRBEAST,alive,-0.0081,10.8,3,0,0,B
2026-03-16T03:08:30.734Z,FZuzE591vZ3abx9B73AmwDDAESz9Kj9TQPShE6nmuqMN,oscaredian,alive,-0.0106,8.6,1,0,0,B
2026-03-16T03:08:32.153Z,xQryKBuonbbt28nw3EkFvm22dMPzUoFkCHdjByc3dSx,TNF,alive,0.0684,39.8,1,0,0,B
2026-03-16T03:09:21.644Z,9wRuFPJZFviuHv9q4hsaxUUADDphX6oSjcMA3RuxTFRG,CHESTER,dead,-0.0122,-1.9,6,0,0,B
2026-03-16T03:10:03.698Z,FZPxx6MohGERgKpQxnDUL5NqnYWmQviMi7kfzS7kHXtU,PUSH,dead,-0.0446,-1.7,6,0,0,B
2026-03-16T03:10:47.641Z,2VRuBqjQA5Cx4niv54aAQ2k5KtMooxmqYZBzeSCfTycN,武侠猫,alive,0.0126,28.0,5,0,0,B
2026-03-16T03:11:04.918Z,HDKmYwf7AHqtyatnfcCYony7TziEuNQPAGA7VH36SQVu,bro ,alive,-0.0107,11.5,1,0,0,B
2026-03-16T03:11:25.478Z,C55eQnuGh1hw6v3EYHBjX4er7foHFoq5Lzs3bZu4uhp2,Vaporware,dead,-0.0290,-1.6,3,0,0,B
2026-03-16T03:11:36.639Z,HqRaU7CKcfBPQ9PgGozrxkCayUiwGMJ9mqMtEheQtaLb,USAC,alive,-0.0201,8.5,1,0,0,B
2026-03-16T03:14:48.824Z,FZPxx6MohGERgKpQxnDUL5NqnYWmQviMi7kfzS7kHXtU,ROK,alive,0.0636,37.3,7,0,0,B
2026-03-16T03:15:11.420Z,HVabKF8DXszhBL8GYmzX6JRCgYuQFGX73o2P9FSUoNvc,brainrot,alive,0.0121,36.8,5,0,0,B
2026-03-16T03:19:21.751Z,DwyEawtMyDDVFxgLvaLrDkbQYi8hTb6YWgrpJCKB6UVC,CLAUDE,alive,0.0499,42.3,1,0,0,B
2026-03-16T03:19:50.560Z,F7ppp2vzVfLrnfTo4if12Lk2XbFQSiyNY6VQ9LC1yQad,CLAUDE,alive,0.0658,46.4,1,0,0,B
2026-03-16T03:20:00.049Z,BcoUw7seKfanVr8UG3PstXQ2w6sTW2SLxP8uFXxZPAed,MAX,dead,-0.0190,3.5,2,0,0,B
2026-03-16T03:20:12.250Z,HVabKF8DXszhBL8GYmzX6JRCgYuQFGX73o2P9FSUoNvc,Crawstar,alive,0.0290,19.3,6,0,0,B
2026-03-16T03:24:11.233Z,dtrzJPj7yDdvm6eRqBAgxsK2sMJeD9HhBEBB3XMedXy,ROSIE,alive,-0.0108,5.7,1,0,0,B
2026-03-16T03:25:34.690Z,BcoUw7seKfanVr8UG3PstXQ2w6sTW2SLxP8uFXxZPAed,brainrot,dead,-0.0200,1.1,2,1,0,B
2026-03-16T03:25:45.515Z,9QkecJeyNKSHZVQ9ZfoSEs9wRoo6UWWd1dkdMT76Yq9A,MemeHouse,dead,-0.0257,4.2,1,0,0,B
2026-03-16T03:26:03.271Z,D9gQ6RhKEpnobPBUdWY5bPQt2p3zGk3iVz6ChpUi2ArA,ROSIE,alive,0.0050,19.5,3,0,0,B
2026-03-16T03:26:12.283Z,HiSo5kykqDPs3EG14Fk9QY4B5RvkuEs8oJTiqPX3EDAn,ROSE,alive,-0.0109,6.5,2,0,0,B
2026-03-16T03:26:13.285Z,FZPxx6MohGERgKpQxnDUL5NqnYWmQviMi7kfzS7kHXtU,PUMPHOUSE,alive,0.0545,33.5,5,1,3,A
2026-03-16T03:27:25.816Z,CxZgQwg4SMBq4Wz5eKrG9dbu3tjXa1G9UcfBsfsV6TVY,Agentmaxxing,dead,-0.0106,1.4,1,0,0,B
2026-03-16T03:27:37.589Z,BBEqXxt9qjCEZ2ZazbXWBVrA4Si7cw4PQyMsqn1cJ683,SOLANA,dead,-0.0195,-1.4,1,0,0,B
2026-03-16T03:29:24.552Z,2VRuBqjQA5Cx4niv54aAQ2k5KtMooxmqYZBzeSCfTycN,Biscuit,dead,-0.0188,0.4,5,1,1,B
2026-03-16T03:31:52.945Z,AW1aJ4kh8HjsQHXA3aBjqeTSPjsxE39msPgVC4imkvch,Dogs,dead,-0.0271,-2.0,1,0,0,B
2026-03-16T03:35:25.464Z,3MAmJ54bNvKGzG3nUy5qdZ4nKgjEJ7Lt7gcaL7nSf4Kh,DOGS,alive,0.0074,17.8,1,0,0,B
2026-03-16T03:35:38.118Z,3MAmJ54bNvKGzG3nUy5qdZ4nKgjEJ7Lt7gcaL7nSf4Kh,DOGS,alive,-0.0087,8.2,1,0,0,B
2026-03-16T03:37:52.915Z,7e4QEu7PTT8UB9MFVyuh1AcGFeXgLDpMtc1zWx7b873v,AGENT,alive,0.0610,37.8,1,0,0,B
2026-03-16T03:38:40.430Z,Hssk6qusiviYGKqnYG3iexuSUHG3eksq5XiiqyBRRWfm,MXC,dead,-0.0149,-1.0,1,0,0,B
2026-03-16T03:38:57.868Z,8ZN71XTdVo8yRovnGLmNgW3Tgniw6A4J3JGLvPD686FP,IMAGINE,dead,-0.0228,-0.6,5,0,0,B
2026-03-16T03:39:53.795Z,991Mi3sGxGCxVsBnRTYBGwxKxNXxMksyMFo85cqxsuML,Bubbles ,alive,0.0500,30.6,1,0,0,B
2026-03-16T03:43:59.669Z,FoRyqQ9uLh9RSQMcah14HWerpLzcZ3QXTXb76qQJr9nC,LSD,alive,0.0119,23.0,1,0,0,B
2026-03-16T03:44:06.003Z,AYEHKbGooTCishm755ArC88YZPJ29Rfh3b4q2hpyJPAQ,Salary,dead,-0.0118,-2.0,1,0,0,B
2026-03-16T03:44:29.474Z,EFaQQTGywnD4CjQQvTugUiyVT4LV9G6MsWqiub8X6unN,AI,alive,-0.0069,5.1,15,0,0,B
2026-03-16T03:44:55.059Z,Borz4BKWSkG47Wf5CknFEohrFYYDPyMNHUsSmj4btWu5,GIGAMUSK,dead,-0.0206,-2.0,1,0,0,B
2026-03-16T03:45:19.281Z,FoRyqQ9uLh9RSQMcah14HWerpLzcZ3QXTXb76qQJr9nC,LSD,alive,0.0439,32.5,1,0,0,B
2026-03-16T03:46:39.099Z,D9gQ6RhKEpnobPBUdWY5bPQt2p3zGk3iVz6ChpUi2ArA,MINT,dead,-0.0223,-2.0,8,0,0,B
2026-03-16T03:48:33.924Z,7e4QEu7PTT8UB9MFVyuh1AcGFeXgLDpMtc1zWx7b873v,MINT,alive,-0.0177,11.2,2,0,0,B
2026-03-16T03:49:03.902Z,DwyEawtMyDDVFxgLvaLrDkbQYi8hTb6YWgrpJCKB6UVC,imagine,dead,-0.0236,-0.3,11,0,1,B
2026-03-16T03:55:27.593Z,991Mi3sGxGCxVsBnRTYBGwxKxNXxMksyMFo85cqxsuML,imagine,dead,-0.0165,2.8,2,0,0,B
2026-03-16T03:56:54.644Z,2VRuBqjQA5Cx4niv54aAQ2k5KtMooxmqYZBzeSCfTycN,vibes,alive,-0.0135,14.2,12,1,1,B
2026-03-16T03:57:08.696Z,AJPohDJcBwNDBpmXf2RavPe4AvAtWES6icfESXXGer8m,Glowcat,dead,-0.0205,4.8,1,0,0,B
2026-03-16T03:59:47.180Z,6z51o3BNbYLJTL7SeGeHJQNpoc7rcWt8f6mzUg533uYe,Grok,alive,-0.0118,5.3,7,0,0,B
2026-03-16T04:00:54.382Z,6ZuDVhVX1bLekmkGL5qER3swup6jZfJGDtrp4kkJAem1,6,alive,0.0988,59.3,2,0,0,B
2026-03-16T04:01:07.930Z,HVabKF8DXszhBL8GYmzX6JRCgYuQFGX73o2P9FSUoNvc,HERRMANN,dead,-0.0395,-1.9,8,1,5,A
2026-03-16T04:03:02.440Z,D26dzW9FdFoE52sUtqLitrheDaNHPQYhbJT3AHmM6cM8,toly,alive,-0.0162,9.0,1,0,0,B
2026-03-16T04:04:48.924Z,9k7yzhLryZcGvJTuiEp9JaUmcXHvChAAtD7zJe8WvYr8,SIX,alive,0.0074,21.9,1,0,0,B
2026-03-16T04:05:07.466Z,3xG5K213fUoWTVqurv7jvvfmE3PgMCxkzmo8NEWCvYma,ATO,dead,-0.0265,-1.9,5,1,0,B
2026-03-16T04:06:10.721Z,BGiCazfdKgVq3M8MHpgdPz5wufAtYH2Qpwn3ppCA31pj,gura,alive,0.0065,21.5,1,0,0,B
2026-03-16T04:07:05.135Z,92JGZAP6HXYci1njtoKdDoYf7KJ4YriDM8s2unX5D87R,SIX,dead,-0.0201,-1.9,1,0,0,B
2026-03-16T04:07:19.595Z,2A5jhvtmzVdo26kHqkRKFSeNDjoNcpVT4Fap9GrDtAFL,WeiWu,alive,0.0626,37.1,1,0,0,B
2026-03-16T04:11:28.777Z,2A5jhvtmzVdo26kHqkRKFSeNDjoNcpVT4Fap9GrDtAFL,WEIWU,alive,-0.0710,7.0,2,0,0,B
2026-03-16T04:14:10.469Z,8UntghqPGdFt4DApCF3p2fZ8XM18ysFPUm8iG5hKdAiW,UHI,alive,-0.0203,5.5,1,0,0,B
2026-03-16T04:16:03.743Z,DEVsZnwbqtjDyn5kJyvP4YFcfnqQdbS1u5jDyeFVy1fQ,SRM,alive,0.0356,34.2,13,0,0,B
2026-03-16T04:22:32.555Z,Fe5i9MriTnRYbDJiZeUn2isJsx6zQkanzw7HisZj4uJi,‎ ,dead,-0.0230,-2.0,1,0,0,B
2026-03-16T04:22:34.861Z,AJPkaCvcTAaH1xNkhx6bTSbVovqgEqXqcLoyRtGyAR6U,Xnut,dead,-0.0129,-0.4,1,0,0,B
2026-03-16T04:23:54.262Z,BBEqXxt9qjCEZ2ZazbXWBVrA4Si7cw4PQyMsqn1cJ683,Solana,dead,-0.0256,-2.0,5,0,0,B
2026-03-16T04:24:39.937Z,GsQM3cUihMGBpUD6YjBtYx8qmuNJjhSHH2Puv4qMRYVT,SLNDN,alive,-0.0083,13.7,1,0,0,B
2026-03-16T04:25:31.656Z,CRrhH1LrGmMxK9LnfQSjj7q69zHoaYANn9Ro7nPkTKwz,Banana,alive,0.0142,27.4,1,0,0,B
2026-03-16T04:26:04.697Z,8JMhmSdx4pg2w71CURYj7a7rWMPYVMEaTmcQrcTLoeJY,UNIGUY,dead,-0.0948,-0.4,1,0,0,B
2026-03-16T04:27:02.164Z,2VRuBqjQA5Cx4niv54aAQ2k5KtMooxmqYZBzeSCfTycN,Solmaxxing,alive,0.0146,29.5,19,1,1,B
2026-03-16T04:27:06.667Z,CRrhH1LrGmMxK9LnfQSjj7q69zHoaYANn9Ro7nPkTKwz,Banana,alive,0.0151,23.2,1,0,0,B
2026-03-16T04:27:22.748Z,4TGb4yXdopy1FYAYofSvDRxGoNDEzTzWcpyqgdtFpx7t,SUPER,dead,-0.0190,2.2,1,0,0,B
2026-03-16T04:27:43.500Z,C3xT8UgbM5xe4B3qj6175Ji68r3omBXyRyWjaRBZEPq6,pHAT,alive,-0.0153,10.8,1,0,0,B
2026-03-16T04:27:58.838Z,CRrhH1LrGmMxK9LnfQSjj7q69zHoaYANn9Ro7nPkTKwz,Banana,dead,-0.0214,0.6,1,0,0,B
2026-03-16T04:29:42.660Z,bwamJzztZsepfkteWRChggmXuiiCQvpLqPietdNfSXa,Salary,dead,-0.0245,-1.9,29,0,0,B
2026-03-16T04:30:27.160Z,3kH1HHe3rHzGkvA11xsgrBdHgqvGagKoTBgKcbsEKaK5,Steve,alive,0.0533,32.0,1,0,0,B
2026-03-16T04:32:25.913Z,G7NvZKjoVqBDWciSYtWWgUPB7DA1iJavdvH5jty2FAmM,COLOMBUS,dead,-0.0247,4.3,13,0,0,B
2026-03-16T04:32:41.399Z,GsQM3cUihMGBpUD6YjBtYx8qmuNJjhSHH2Puv4qMRYVT,EV1,dead,-0.0246,-2.0,2,0,0,B
2026-03-16T04:34:20.577Z,HVabKF8DXszhBL8GYmzX6JRCgYuQFGX73o2P9FSUoNvc,OG,dead,-0.0142,-1.4,10,1,5,A
2026-03-16T04:34:44.665Z,GsQM3cUihMGBpUD6YjBtYx8qmuNJjhSHH2Puv4qMRYVT,EV1,dead,-0.0172,-2.0,3,0,0,B
2026-03-16T04:36:41.577Z,DPNPVvoGdwNBY849ryx2JZzakWuWbDTfSUYr8aNfKLwA,◎,alive,-0.0086,6.8,1,0,0,B
2026-03-16T04:36:57.904Z,4sjrxarsj297ZPufGLjiFQnTM6SkzMpCaJ1D2PtBKyQz,boop,alive,0.0429,30.8,26,0,0,B
2026-03-16T04:38:35.663Z,HVabKF8DXszhBL8GYmzX6JRCgYuQFGX73o2P9FSUoNvc,PONZI,alive,-0.0068,5.3,11,1,5,A
2026-03-16T04:39:32.330Z,bwamJzztZsepfkteWRChggmXuiiCQvpLqPietdNfSXa,Bowhead,alive,0.0649,38.3,36,0,0,B
2026-03-16T04:43:29.181Z,CRrhH1LrGmMxK9LnfQSjj7q69zHoaYANn9Ro7nPkTKwz,Gymskin,alive,0.0060,20.6,2,0,0,B
2026-03-16T04:43:44.033Z,CRrhH1LrGmMxK9LnfQSjj7q69zHoaYANn9Ro7nPkTKwz,Gymskin,dead,-0.0139,-1.0,2,0,0,B
2026-03-16T04:44:18.564Z,HVabKF8DXszhBL8GYmzX6JRCgYuQFGX73o2P9FSUoNvc,Bowhead,dead,-0.0172,-1.5,12,1,5,A
2026-03-16T04:45:34.517Z,7kJj2y6hoqcSQoJyia3NrnSYktq4dxmm4a8tmP4WYfnM,UNIPEP,dead,-0.0149,-0.7,1,0,0,B
2026-03-16T04:45:59.200Z,933d9teuRi2hGnPCdgxejYwCqGmV4uPnWZkeGhRfWHED,eˣ,alive,-0.0118,9.5,1,0,0,B
2026-03-16T04:46:53.248Z,3z4p4P9qvbai3ZNAUco5VphKvbaNjtwVDPxvvhKjZPci,Bowhead,alive,-0.0069,7.8,1,0,0,B
2026-03-16T04:47:27.784Z,BNahnx13rLru9zxuWNGBD7vVv1pGQXB11Q7qeTyupdWf,HAMSTER,dead,-0.0247,2.4,1,0,0,B
2026-03-16T04:49:44.543Z,J6TDXvarvpBdPXTaTU8eJbtso1PUCYKGkVtMKUUY8iEa,hammy,alive,-0.0074,9.0,1,0,0,B
2026-03-16T04:51:34.863Z,8ZRyeWdgfR8uBH8poU5TueiViHAQKiMLqAB2vkdz3i6A,PsyopPepe,alive,-0.0048,26.8,1,0,0,B
2026-03-16T04:51:42.952Z,B7ExUfQddARMy9EY6WU5VikETysroXd3yx7TqHfPtkVv,FUG,alive,0.0553,34.4,10,0,1,B
2026-03-16T04:55:02.464Z,7ujrSwGQCLEMuqi7hgUGubTKM9fKPPbQn7mvqxM86Cpp,MYRO,alive,-0.0062,15.2,1,0,0,B
2026-03-16T04:56:24.096Z,DqeVuNmymZEqzNQmFUvMGAL6xaB49TN7yCmx3h3FpYaK,PONZI,dead,-0.0140,-2.0,7,0,0,B
2026-03-16T04:57:15.139Z,HoVd4Z2m8cGUfNFsAGhLpWwLaEmyiLhJKpWdnRwbWeB,TrollGuy,alive,0.0795,45.9,1,0,0,B
2026-03-16T04:58:42.045Z,2SssDAZBovyY7bnTYH2wFLDL2tpAvQBpAcEywUfbE8GN,Iruka,dead,-0.0139,1.0,3,0,0,B
2026-03-16T04:59:56.958Z,6Avzm2Gzzbou8wXCxpJLCfK4A5UjrsfaKMWL9b4SW7HU,Tiger,alive,-0.0147,8.4,2,0,0,B
2026-03-16T05:00:59.466Z,HoVd4Z2m8cGUfNFsAGhLpWwLaEmyiLhJKpWdnRwbWeB,RAINBOW,alive,-0.0069,13.3,2,0,0,B
2026-03-16T05:01:45.680Z,6Avzm2Gzzbou8wXCxpJLCfK4A5UjrsfaKMWL9b4SW7HU,KOL,dead,-0.0218,4.8,3,0,0,B
2026-03-16T05:02:04.822Z,B7ExUfQddARMy9EY6WU5VikETysroXd3yx7TqHfPtkVv,Pepe,alive,-0.0599,19.2,12,0,1,B
2026-03-16T05:04:21.673Z,HoVd4Z2m8cGUfNFsAGhLpWwLaEmyiLhJKpWdnRwbWeB,DBASE,alive,0.0506,30.6,3,0,0,B
2026-03-16T05:05:47.082Z,6jPKgTyzD6pfzQfYQJui3m45d2u4bohqp1bwYTbQVHUP,Larry,dead,-0.0145,-0.3,2,0,0,B
2026-03-16T05:06:28.851Z,3eVLqs1HBbq2LXSJqmtPXSaDqdK4sS873UPD2q1m5hoA,SINCLAIR,alive,0.0175,23.5,2,0,1,B
2026-03-16T05:06:34.750Z,6Avzm2Gzzbou8wXCxpJLCfK4A5UjrsfaKMWL9b4SW7HU,武侠猫,dead,-0.0142,0.5,4,0,0,B
2026-03-16T05:07:51.958Z,B7ExUfQddARMy9EY6WU5VikETysroXd3yx7TqHfPtkVv,VOLCENGINE,alive,0.0545,34.0,14,0,1,B
2026-03-16T05:08:27.761Z,3eVLqs1HBbq2LXSJqmtPXSaDqdK4sS873UPD2q1m5hoA,SINCLAIR,alive,0.0883,56.1,2,0,1,B
2026-03-16T05:09:02.301Z,HoVd4Z2m8cGUfNFsAGhLpWwLaEmyiLhJKpWdnRwbWeB,DBASE,dead,-0.0146,-1.5,4,0,0,B
2026-03-16T05:11:47.853Z,4TGb4yXdopy1FYAYofSvDRxGoNDEzTzWcpyqgdtFpx7t,STNK,alive,0.0089,22.3,2,0,0,B
2026-03-16T05:12:34.301Z,6Avzm2Gzzbou8wXCxpJLCfK4A5UjrsfaKMWL9b4SW7HU,Kari,alive,0.0067,18.6,6,0,0,B
2026-03-16T05:13:38.751Z,HiSo5kykqDPs3EG14Fk9QY4B5RvkuEs8oJTiqPX3EDAn,BLUB,dead,-0.0194,-0.7,18,0,0,B
2026-03-16T05:15:17.001Z,6Avzm2Gzzbou8wXCxpJLCfK4A5UjrsfaKMWL9b4SW7HU,BLUB,alive,0.0156,24.9,8,0,0,B
2026-03-16T05:15:33.975Z,6Avzm2Gzzbou8wXCxpJLCfK4A5UjrsfaKMWL9b4SW7HU,BLUB,dead,-0.0186,-1.8,8,0,0,B
2026-03-16T05:16:09.677Z,7RxmEj5gq1sT4dxntXdWW68WG1JHzS3y8te6ZVpVRkEy,6,dead,-0.0160,0.7,1,0,0,B
2026-03-16T05:19:55.152Z,B7ExUfQddARMy9EY6WU5VikETysroXd3yx7TqHfPtkVv,USOA,alive,-0.0687,9.8,18,0,1,B
2026-03-16T05:21:31.736Z,8TnqS2TZ3rfPnAJBtaE4f9Myu3S2G7WuhPGoz3mHLets,橘猫道长,alive,0.0613,40.0,5,0,0,B
2026-03-16T05:22:44.973Z,6Avzm2Gzzbou8wXCxpJLCfK4A5UjrsfaKMWL9b4SW7HU,Apollo,alive,0.0506,30.8,9,0,0,B
2026-03-16T05:24:53.310Z,B7ExUfQddARMy9EY6WU5VikETysroXd3yx7TqHfPtkVv,DоgGPT,alive,0.0608,36.0,19,0,1,B
2026-03-16T05:25:21.674Z,HoVd4Z2m8cGUfNFsAGhLpWwLaEmyiLhJKpWdnRwbWeB,GEOFFREY,alive,0.0540,32.3,5,0,0,B
2026-03-16T05:26:06.778Z,ArkdCAPErAo6KdVDTFA32YKnqaD7jfXsESFoyxQzDgnu,BLUECOLLAR,alive,0.0062,19.0,16,0,0,B
2026-03-16T05:27:21.724Z,ABe1WgCsBN7gh3Zq5i5LpaB7pz3y6ZbK2FTwH6nwMpo9,COCK,dead,-0.0223,-0.8,9,0,0,B
2026-03-16T05:27:54.053Z,EQwiPimgNJvKNcYCkmoD54erbixMZxw9v5wBnd8bX1mk,Ketchup,alive,0.0532,31.9,1,0,0,B
2026-03-16T05:28:26.327Z,2fT4W8uFrTPnR8dgvjxnS5X2vyNmFK8sFJxFX44notPd,clawbands,alive,0.0840,50.0,1,0,0,B
2026-03-16T05:29:58.734Z,H8LRDG4S7vUavfnWSd1o4uNnswnH6w3dcr8U1zqNPoMX,狐狸,alive,-0.0394,6.1,1,0,0,B
2026-03-16T05:35:20.882Z,4Ks2baXyKjp38Rt7scPbAPeB47XRd1j8vDhcgSZ84KPt,Apollo,alive,-0.0106,11.4,1,0,0,B
2026-03-16T05:35:27.875Z,6GBRqVYwYArYconNSvjgcySiRvLScD7j3PX9RTkHNFTJ,GIGI,alive,-0.0071,11.9,1,0,0,B
2026-03-16T05:36:08.707Z,B7ExUfQddARMy9EY6WU5VikETysroXd3yx7TqHfPtkVv,BIBI,alive,0.0504,30.7,20,0,1,B
2026-03-16T05:39:09.089Z,4sjrxarsj297ZPufGLjiFQnTM6SkzMpCaJ1D2PtBKyQz,joe,dead,-0.0201,-2.0,38,0,0,B
2026-03-16T05:39:24.822Z,6Avzm2Gzzbou8wXCxpJLCfK4A5UjrsfaKMWL9b4SW7HU,LART,alive,0.0568,35.0,13,0,0,B
2026-03-16T05:41:36.724Z,9GUWftGnQR3Uy6dDBqMTwDSqjseXaQALoRibvU6JsjSf,LOWINCOME,alive,-0.0075,5.3,1,0,0,B
2026-03-16T05:42:46.221Z,2fT4W8uFrTPnR8dgvjxnS5X2vyNmFK8sFJxFX44notPd,PHAGE,alive,0.0037,18.3,4,0,0,B
2026-03-16T05:43:24.007Z,4xHRe3YsTLGwvw5m83wSQGav4VYkDiyJMyQ7PqDfGmLr,MNST,dead,-0.0243,-0.6,1,0,0,B
2026-03-16T05:46:04.039Z,AV1ST2ZdeR9rFjbBg9TG2znXvcxbE6m7zQhs4tco6PAK,CIA,dead,-0.0199,-1.9,1,0,0,B
2026-03-16T05:46:49.030Z,8YcbyX92UHTU23HZv3ccP9o13qibErQkKaUjoxqxd7SJ,MNST,dead,-0.0449,-2.0,1,0,0,B
2026-03-16T05:49:09.167Z,HVabKF8DXszhBL8GYmzX6JRCgYuQFGX73o2P9FSUoNvc,6,alive,0.0520,31.3,13,1,5,A
2026-03-16T05:50:37.662Z,BcoUw7seKfanVr8UG3PstXQ2w6sTW2SLxP8uFXxZPAed,GLM,alive,-0.0021,16.7,3,1,0,B
2026-03-16T05:51:02.110Z,2kB6tWBVx8CgRDjvCSotRVNaMESvSSEgb739oGeQPgs9,TOLY,dead,-0.0254,2.9,1,0,0,B
2026-03-16T05:52:15.628Z,B7ExUfQddARMy9EY6WU5VikETysroXd3yx7TqHfPtkVv,CHEWING,alive,0.0494,30.1,23,0,1,B
2026-03-16T05:52:46.615Z,6Avzm2Gzzbou8wXCxpJLCfK4A5UjrsfaKMWL9b4SW7HU,ROTATE,alive,-0.0095,9.1,16,0,0,B
2026-03-16T05:52:51.290Z,6z51o3BNbYLJTL7SeGeHJQNpoc7rcWt8f6mzUg533uYe,Goatse,alive,0.0139,21.2,15,0,0,B
2026-03-16T05:53:07.280Z,BcoUw7seKfanVr8UG3PstXQ2w6sTW2SLxP8uFXxZPAed,HERRMANN,dead,-0.0258,-1.8,4,1,0,B
2026-03-16T05:53:18.302Z,6z51o3BNbYLJTL7SeGeHJQNpoc7rcWt8f6mzUg533uYe,Goatse,dead,-0.0171,3.8,15,0,0,B
2026-03-16T05:58:17.936Z,9QxBnFQKiN6Ys81HYNvX6whHotwqpYrdmr1NdBcykhFV,TRAILCAM,alive,-0.0100,5.7,20,0,0,B
2026-03-16T05:58:42.764Z,GVCseToGxqhtdSFmRRH5HG1hz1Cm6haFCXWcpg45xA2n,LAST,dead,-0.0118,-2.0,1,0,0,B
2026-03-16T05:58:45.938Z,B7ExUfQddARMy9EY6WU5VikETysroXd3yx7TqHfPtkVv,BARRON,alive,0.0517,31.1,24,0,1,B
2026-03-16T06:00:07.814Z,6Avzm2Gzzbou8wXCxpJLCfK4A5UjrsfaKMWL9b4SW7HU,Eric,alive,-0.0140,8.9,18,0,0,B
2026-03-16T06:01:26.233Z,5cRqpRE4V5EyWtav3fmcY123F9NHtnTyvXeamF4FkESb,Stonks,alive,-0.0151,9.6,1,0,0,B
2026-03-16T06:02:35.486Z,B7ExUfQddARMy9EY6WU5VikETysroXd3yx7TqHfPtkVv,Pepe,dead,-0.0083,-0.2,25,0,1,B
2026-03-16T06:03:41.696Z,5V1zcBr6GipBXvJwHwU2v4fydouFn4GC39vMGvucdwrA,AI,alive,0.0070,18.2,19,0,0,B
2026-03-16T06:04:16.380Z,5V1zcBr6GipBXvJwHwU2v4fydouFn4GC39vMGvucdwrA,AI,dead,-0.0155,-2.0,19,0,0,B
2026-03-16T06:04:25.669Z,6Avzm2Gzzbou8wXCxpJLCfK4A5UjrsfaKMWL9b4SW7HU,NIGGLON,dead,-0.0197,-0.7,19,0,0,B
2026-03-16T06:05:41.600Z,FwYjdxw2fwvbuQn9M79BpNsGF8QSmqGqh2w3CzSizHpA,SJ,alive,-0.0105,6.2,7,0,0,B
2026-03-16T06:08:00.470Z,GA1Bf1c2hUft9MiqCfVcBHhmC9PZzb1nRBPGP9KL9vtK,FENTHOUSE,dead,-0.0205,-0.5,1,0,0,B
2026-03-16T06:08:13.768Z,DqeVuNmymZEqzNQmFUvMGAL6xaB49TN7yCmx3h3FpYaK,cat,alive,0.0474,30.3,13,0,0,B
2026-03-16T06:08:18.063Z,EJG7JaALGhLseL3skZyiTjRcK4jQEKHR1ULZTFhXghG3,Angela,alive,-0.0063,14.5,2,0,0,B
2026-03-16T06:10:08.462Z,6Avzm2Gzzbou8wXCxpJLCfK4A5UjrsfaKMWL9b4SW7HU,YOTUS,dead,-0.0147,3.9,21,0,0,B
2026-03-16T06:11:00.057Z,GA1Bf1c2hUft9MiqCfVcBHhmC9PZzb1nRBPGP9KL9vtK,FENTHOUSE,alive,-0.0086,9.0,2,0,0,B
2026-03-16T06:11:23.193Z,3MAmJ54bNvKGzG3nUy5qdZ4nKgjEJ7Lt7gcaL7nSf4Kh,SJ,dead,-0.0186,3.5,9,0,0,B
2026-03-16T06:12:57.803Z,sZPe3ZqVgR96PWbjzZUyKZ8JpUvdNaV5ux266unGvc4,比比,dead,-0.0202,-1.0,1,0,0,B
2026-03-16T06:13:34.247Z,6Avzm2Gzzbou8wXCxpJLCfK4A5UjrsfaKMWL9b4SW7HU,CIRBP,alive,-0.0029,19.7,22,0,0,B
2026-03-16T06:15:28.507Z,B7ExUfQddARMy9EY6WU5VikETysroXd3yx7TqHfPtkVv,BARRON,dead,-0.0333,2.2,26,0,1,B
2026-03-16T06:20:18.344Z,FSYojWVXvrXNkFfvCAptVhpnWHuJoNzQNu7QSgsecCEz,Michael,dead,-0.0206,1.1,17,0,0,B
2026-03-16T06:27:07.759Z,B7ExUfQddARMy9EY6WU5VikETysroXd3yx7TqHfPtkVv,STORK,alive,0.0513,31.5,29,0,1,B
2026-03-16T06:27:35.919Z,DgkTtmFJe5DUrceyiPeUMN3fzD91naXrpeWf99MWg3Yu,Lana,alive,-0.0184,10.2,1,0,0,B
2026-03-16T06:28:21.164Z,Ho8jkxgmbntBSxLLTitiYhv2DvHzn8XLbsZmkapA7RBF,Campo,alive,0.0549,37.0,2,0,0,B
2026-03-16T06:30:53.124Z,BiTsy8M6CQKtiGUvuemNLymyGHzLjPo6ByQSajcXZnGn,三毛,dead,-0.0198,-2.0,5,0,0,B
2026-03-16T06:33:03.780Z,Ftx95fgAVDdjsA4pAPd4uSkY7Q7diadAxJNpuMF1Afij,MNST,dead,-0.0118,-2.0,1,0,0,B
2026-03-16T06:33:04.563Z,5WMNaQNgUvaNWb6BzvxPukZB3q8UiduTwu3yzUo9cQX3,EMPLOYED,dead,-0.0307,-1.5,1,0,0,B
2026-03-16T06:33:07.983Z,2ED78Gd4J2M6cqnrd5BhBimXQ1xXqosZ6Xpbr4c5bqba,T-Nega,dead,-0.0215,-2.0,20,0,0,B
2026-03-16T06:33:37.540Z,Ao9D9xuKxhHfTGCd3ZeBPJ3aBRUAicKKnXZ3feH6uuGC,DeepAgents,dead,-0.0295,-1.7,1,0,0,B
2026-03-16T06:33:51.630Z,FSYojWVXvrXNkFfvCAptVhpnWHuJoNzQNu7QSgsecCEz,BUCK,alive,0.0968,60.2,19,0,0,B
2026-03-16T06:35:12.921Z,B7ExUfQddARMy9EY6WU5VikETysroXd3yx7TqHfPtkVv,PIA,dead,-0.0702,1.1,31,0,1,B
2026-03-16T06:36:43.523Z,4pV6WXBJVrX7nQAS612MqNYrC4mu9DCzfMexP3S4WLCr,三毛,alive,0.0519,35.0,2,0,0,B
2026-03-16T06:44:40.638Z,D3inijzz6V1beYtpxn9u5xzUY3rTiR9qDrww15QDvgRs,jobcoin,alive,0.0159,22.5,1,0,0,B
2026-03-16T06:44:54.848Z,D9gQ6RhKEpnobPBUdWY5bPQt2p3zGk3iVz6ChpUi2ArA,jobcoin,alive,0.0105,29.1,17,0,0,B
2026-03-16T06:45:04.782Z,D9gQ6RhKEpnobPBUdWY5bPQt2p3zGk3iVz6ChpUi2ArA,jobcoin,dead,-0.0182,-2.0,18,0,0,B
2026-03-16T06:45:19.059Z,B7ExUfQddARMy9EY6WU5VikETysroXd3yx7TqHfPtkVv,BARRON,alive,-0.0262,6.8,34,0,1,B
2026-03-16T06:45:56.381Z,D3inijzz6V1beYtpxn9u5xzUY3rTiR9qDrww15QDvgRs,jobcoin,dead,-0.0127,0.4,1,0,0,B
2026-03-16T06:46:05.614Z,C5peYeYpzEieGdQvFHuMMPGjQmYrWHSQWmppV8MxtUT4,CLUD,alive,0.0491,30.2,1,0,0,B
2026-03-16T06:47:39.774Z,D6bTtoSgLknJ9KrgDFUtB5WpqomrNEjBJipVVRoFh2DC,HELIOS,alive,-0.0201,5.7,6,0,0,B
2026-03-16T06:50:02.814Z,B7ExUfQddARMy9EY6WU5VikETysroXd3yx7TqHfPtkVv,6,alive,0.0615,36.7,35,0,1,B
2026-03-16T06:50:59.583Z,FLPK8KuSAfaxxsLJKoS4swVSUK817uFAdZZv9HppeSTw,Knight,dead,-0.0139,-2.0,1,0,0,B
2026-03-16T06:51:35.930Z,HmCZ8Dy6pfsYprTFz1uQSRT6DLnHgnLPwZdokmYrWZeH,ROCK,dead,-0.0160,-2.0,1,0,0,B
2026-03-16T06:53:41.492Z,DLifaW5xMi4M7PHzpaPe48mSHqdRPGNJS6zwiQ1o1Rne,JM,dead,-0.0226,-2.0,5,0,0,B
2026-03-16T06:53:41.503Z,F84wKkf3Nmie85aYRE6gUt1PzobMCqFSF17DexRNRmrj,Reachy,alive,-0.0029,17.8,2,0,0,B
2026-03-16T06:54:06.812Z,9igrk56o3EM5fghrjrCCe4yfpkZTMkEbNoMGNivhj1kC,Bond,dead,-0.0247,0.2,1,0,0,B
2026-03-16T06:55:50.964Z,DBUdGw9cswiNVs8kvYhQUtaCkMKA8yUGQv6Y6KfrXgq6,Clanker,dead,-0.1117,-1.5,1,0,0,B
2026-03-16T06:56:04.567Z,BBEqXxt9qjCEZ2ZazbXWBVrA4Si7cw4PQyMsqn1cJ683,Simple,dead,-0.0264,-2.0,10,0,0,B
2026-03-16T06:57:43.072Z,HNzCaRWbPtFyejzPX94HuymW47MXyurWWt9JbBVxTpSP,BURST,dead,-0.0155,2.9,1,0,0,B
2026-03-16T06:59:19.096Z,B7ExUfQddARMy9EY6WU5VikETysroXd3yx7TqHfPtkVv,Pepe,alive,0.0509,30.9,36,0,1,B
2026-03-16T07:02:03.047Z,B7ExUfQddARMy9EY6WU5VikETysroXd3yx7TqHfPtkVv,DINORAW,alive,0.0524,32.1,37,0,1,B
2026-03-16T07:02:25.240Z,ENskGQev2bXPjaCYPV9bUcPLv3635Y18BWzLN95x4soC,三毛,dead,-0.0158,-1.0,1,0,0,B
2026-03-16T07:03:16.553Z,DbG7RyLFBWXpEWgfKUA8qByvBZEZ3chqGh9TLkpjpF3b,ATO,alive,-0.0084,10.9,5,0,0,B
2026-03-16T07:04:39.116Z,6BuE3FjYeTt9smFbeDuy5nhzun6CvhAsTB9RZ8QVkTqz,TGR,dead,-0.0205,-1.8,1,0,0,B
2026-03-16T07:11:58.822Z,B7ExUfQddARMy9EY6WU5VikETysroXd3yx7TqHfPtkVv,BARRON,alive,0.0524,31.5,38,0,1,B
2026-03-16T07:12:46.246Z,4mdY58V8GYSz3LBws5T6haWRGh4Mtbg9rUi1ybRomCrp,max999,dead,-0.0212,-1.2,7,0,0,B
2026-03-16T07:18:19.193Z,B7ExUfQddARMy9EY6WU5VikETysroXd3yx7TqHfPtkVv,LIFE,alive,0.0547,32.7,39,0,1,B
2026-03-16T07:21:10.841Z,8m9o5a76AFX1SVyggVLmH4JqEVXvxesiqpeQq1gxMLqq,GOAT,alive,-0.0001,16.7,1,0,0,B
2026-03-16T07:21:15.322Z,8X652yDJgpwaaQH4qrJpyFQtzAUv4ij7KSZ7ayzKx1qR,gork,alive,0.0514,36.3,10,0,0,B
2026-03-16T07:22:03.387Z,81k8Y1Sf68oMQRqks2jtfRDB58VP8Ws6mNUGjjevRG6G,CCA,dead,-0.0257,0.7,2,0,0,B
2026-03-16T07:22:13.762Z,8m9o5a76AFX1SVyggVLmH4JqEVXvxesiqpeQq1gxMLqq,GOAT,dead,-0.0162,-2.0,1,0,0,B
2026-03-16T07:25:26.484Z,Fh3PgAn4qkYEfUV9pzSx4nw8bXW2o34BcERMMfXQh5ja,GDP,dead,-0.0139,-0.9,7,0,0,B
2026-03-16T07:25:32.088Z,DgkTtmFJe5DUrceyiPeUMN3fzD91naXrpeWf99MWg3Yu,GOATSE,dead,-0.0303,-0.5,5,0,0,B
2026-03-16T07:25:53.492Z,4mdY58V8GYSz3LBws5T6haWRGh4Mtbg9rUi1ybRomCrp,max999,dead,-0.0198,-2.0,11,0,0,B
2026-03-16T07:27:15.933Z,B7ExUfQddARMy9EY6WU5VikETysroXd3yx7TqHfPtkVv,AGENTOOR,alive,0.0639,37.6,41,0,1,B
2026-03-16T07:27:39.891Z,5htGpHK2oV9g2BcDqLdRBqjCLdy8mc3fsESfR5DU73eM,モガー,alive,0.0036,19.3,2,0,0,B
2026-03-16T07:27:57.321Z,5htGpHK2oV9g2BcDqLdRBqjCLdy8mc3fsESfR5DU73eM,モガー,dead,-0.0097,3.5,2,0,0,B
2026-03-16T07:28:57.393Z,2eMAHexZhY7AnN7cP3Kbph2L2vsJcfZa7HD5nZ4ABkUi,ANMOO,alive,-0.0375,7.4,1,0,0,B
2026-03-16T07:31:56.011Z,B7ExUfQddARMy9EY6WU5VikETysroXd3yx7TqHfPtkVv,Elithuh,alive,0.0570,34.7,42,0,1,B
2026-03-16T07:32:23.909Z,6Avzm2Gzzbou8wXCxpJLCfK4A5UjrsfaKMWL9b4SW7HU,TURTLEMAN,dead,-0.0217,-1.9,25,0,0,B
2026-03-16T07:33:08.286Z,Ho8jkxgmbntBSxLLTitiYhv2DvHzn8XLbsZmkapA7RBF,Angela,dead,-0.0232,2.6,6,0,0,B
2026-03-16T07:34:44.144Z,B7ExUfQddARMy9EY6WU5VikETysroXd3yx7TqHfPtkVv,Solana,dead,-0.0399,-0.3,43,0,1,B
2026-03-16T07:36:15.648Z,GpTXmkdvrTajqkzX1fBmC4BUjSboF9dHgfnqPqj8WAc4,ANMOO,alive,0.0006,24.7,3,0,0,B
2026-03-16T07:38:34.631Z,GpTXmkdvrTajqkzX1fBmC4BUjSboF9dHgfnqPqj8WAc4,ANMOO,dead,-0.0203,4.7,4,0,0,B
2026-03-16T07:39:08.578Z,B7ExUfQddARMy9EY6WU5VikETysroXd3yx7TqHfPtkVv,SAMO,alive,-0.0664,15.9,44,0,1,B
2026-03-16T07:39:33.362Z,4mdY58V8GYSz3LBws5T6haWRGh4Mtbg9rUi1ybRomCrp,max999,dead,-0.0118,-2.0,17,0,0,B
2026-03-16T07:42:13.850Z,3y29hGLJd5WEpdeJtffi91fecG2zm7CgtVQCSEASDc8C,Loom,alive,0.0906,54.0,1,0,0,B
2026-03-16T07:44:55.001Z,B7ExUfQddARMy9EY6WU5VikETysroXd3yx7TqHfPtkVv,SAMO,alive,-0.0761,27.1,45,0,1,B
2026-03-16T07:46:53.385Z,B7ExUfQddARMy9EY6WU5VikETysroXd3yx7TqHfPtkVv,6d656d65,dead,-0.0414,-2.0,46,0,1,B
2026-03-16T07:48:20.356Z,7Djr5Var9K4dZ8qAjxQFdZTPgrYPaNZHTPv9yCBqdgVs,Joe,dead,-0.0217,-1.7,1,0,0,B
2026-03-16T07:49:05.071Z,B7ExUfQddARMy9EY6WU5VikETysroXd3yx7TqHfPtkVv,BARRON,dead,-0.0413,-1.7,47,0,1,B
2026-03-16T07:50:33.144Z,BnhXczqWuVow7uxVEV6ST1dcpHsov2NsxgRN7ceECcSv,George,dead,-0.0149,-0.1,1,0,0,B
2026-03-16T07:53:11.548Z,B7ExUfQddARMy9EY6WU5VikETysroXd3yx7TqHfPtkVv,ANDY,alive,-0.0298,5.6,48,0,1,B
2026-03-16T07:53:53.617Z,Fh3PgAn4qkYEfUV9pzSx4nw8bXW2o34BcERMMfXQh5ja,cabbit,alive,0.0116,20.6,10,0,0,B
2026-03-16T07:54:02.181Z,Fh3PgAn4qkYEfUV9pzSx4nw8bXW2o34BcERMMfXQh5ja,cabbit,dead,-0.0243,-2.0,10,0,0,B
2026-03-16T07:54:08.503Z,933d9teuRi2hGnPCdgxejYwCqGmV4uPnWZkeGhRfWHED,CCA,dead,-0.0159,-0.0,2,0,0,B
2026-03-16T07:55:18.622Z,BHREKFkPQgAtDs8Vb1UfLkUpjG6ScidTjHaCWFuG2AtX,安慕,alive,0.0488,31.3,1,0,0,B
2026-03-16T07:55:29.272Z,BcoUw7seKfanVr8UG3PstXQ2w6sTW2SLxP8uFXxZPAed,Dindim,alive,0.0534,32.3,5,1,0,B
2026-03-16T07:55:42.012Z,AcmJTYDZEVudSDnCnzTSJAwUnHornvz7VE88BS8c5UT7,JOBLESS,dead,-0.0126,-2.0,1,0,0,B
2026-03-16T07:56:08.578Z,B7ExUfQddARMy9EY6WU5VikETysroXd3yx7TqHfPtkVv,ANDY,dead,-0.0364,1.6,49,0,1,B
2026-03-16T07:56:22.019Z,DgkTtmFJe5DUrceyiPeUMN3fzD91naXrpeWf99MWg3Yu,TolyAI,alive,-0.0070,7.4,7,0,0,B
2026-03-16T07:58:31.994Z,3tv7M3yRb8mW8hfC6BEc4VsnTwdAbXadTbPvgpJoZpvP,CCA,alive,0.0096,20.5,6,0,0,B
2026-03-16T07:58:33.151Z,2gGvgPVW7j7jfadWFCHj7TxkxXY2pi7r4ehcBVQjhfyi,CCA,dead,-0.0101,-1.0,34,0,0,B
2026-03-16T07:58:39.779Z,3tv7M3yRb8mW8hfC6BEc4VsnTwdAbXadTbPvgpJoZpvP,CCA,dead,-0.0121,-2.0,6,0,0,B
2026-03-16T07:59:55.331Z,DgkTtmFJe5DUrceyiPeUMN3fzD91naXrpeWf99MWg3Yu,AI-Free,dead,-0.0169,-2.0,8,0,0,B
2026-03-16T08:01:22.151Z,8X652yDJgpwaaQH4qrJpyFQtzAUv4ij7KSZ7ayzKx1qR,Replacement,alive,-0.0082,7.7,13,0,0,B
2026-03-16T08:04:16.121Z,Bc5jkFmNu6Tccj5coc7inSP8MWXnRKpLjxnBLRBq8NQN,RMT,dead,-0.0141,-2.0,1,0,0,B
2026-03-16T08:06:08.546Z,B7ExUfQddARMy9EY6WU5VikETysroXd3yx7TqHfPtkVv,SAMO,dead,-0.0370,1.1,50,0,1,B
2026-03-16T08:09:06.748Z,922VvmmYDHV9KMTJJ71Y5Yd3Vn7cfJuFasLNSsZPygrG,HERMANN,dead,-0.0187,-0.4,2,0,0,B
2026-03-16T08:13:08.866Z,Ho8jkxgmbntBSxLLTitiYhv2DvHzn8XLbsZmkapA7RBF,マック,alive,0.0789,46.9,12,0,0,B
2026-03-16T08:14:21.901Z,BcoUw7seKfanVr8UG3PstXQ2w6sTW2SLxP8uFXxZPAed,◎,alive,0.0360,31.7,6,1,0,B
2026-03-16T08:14:37.290Z,Fh3PgAn4qkYEfUV9pzSx4nw8bXW2o34BcERMMfXQh5ja,chuck,dead,-0.0206,-2.0,13,0,0,B
2026-03-16T08:15:04.468Z,EPv4uPkxRAWjtahVEusZiZmSfC477Tt9eHSFiyUmm8PE,刀哥,dead,-0.0124,-1.2,17,0,0,B
2026-03-16T08:15:14.103Z,B7ExUfQddARMy9EY6WU5VikETysroXd3yx7TqHfPtkVv,MINT,alive,0.0533,32.1,51,0,1,B
2026-03-16T08:17:13.695Z,BnhXczqWuVow7uxVEV6ST1dcpHsov2NsxgRN7ceECcSv,Obsessed ,alive,-0.0130,7.7,4,0,0,B
2026-03-16T08:17:32.784Z,2c5BQC22z7HUNsA6sSziYNQZJPZq8UC1QYehraKPCK4W,AI,dead,-0.0162,1.1,1,0,0,B
2026-03-16T08:18:30.176Z,BnhXczqWuVow7uxVEV6ST1dcpHsov2NsxgRN7ceECcSv,Obsessed ,alive,0.0125,28.8,4,0,0,B
2026-03-16T08:18:54.224Z,B7ExUfQddARMy9EY6WU5VikETysroXd3yx7TqHfPtkVv,LOOM,alive,-0.0725,8.2,52,0,1,B
2026-03-16T08:22:08.272Z,431WUkmnPNaJrJwVN1juGQmabPL7fF7XZBRGKFiLLfBE,三毛,alive,0.0740,43.4,2,0,0,B
2026-03-16T08:23:03.675Z,3BUnWdcQctbvJQB4SoVcfoktGcsdB5hdP9i5ogMPsX6T,COCK,dead,-0.0322,-1.5,1,0,0,B
2026-03-16T08:23:27.102Z,B7ExUfQddARMy9EY6WU5VikETysroXd3yx7TqHfPtkVv,LOOM,alive,0.0494,30.1,53,0,1,B
2026-03-16T08:23:39.240Z,EVoZsRdpJjvdEBvxtiXzPmUu3YM6Gr5TZy2cNuZJoxSc,dog,dead,-0.0133,-1.0,3,0,0,B
2026-03-16T08:23:45.998Z,DxQ1iNidsGap2kr14VdEzA8NheqXabfh6fRkvZQbnZVY,PND,dead,-0.0192,-2.0,1,0,0,B
2026-03-16T08:24:42.405Z,6uDd3tKSdw3j2yxaC8DFmYZzgofn2P5fj6gfXNMwFZ96,BIGMAC,dead,-0.0245,-1.7,1,0,0,B
2026-03-16T08:24:57.474Z,GpTXmkdvrTajqkzX1fBmC4BUjSboF9dHgfnqPqj8WAc4,quarter,dead,-0.0273,-2.0,11,0,0,B
2026-03-16T08:25:17.091Z,6Avzm2Gzzbou8wXCxpJLCfK4A5UjrsfaKMWL9b4SW7HU,Apollo,alive,-0.0071,6.3,31,0,0,B
2026-03-16T08:26:11.229Z,6y2kXF1h6zDtDm9tCQGtPdXQYJvix3kattSfmhSPyrwW,$Wifi,alive,-0.0082,12.7,1,0,0,B
2026-03-16T08:26:32.575Z,gangJEP5geDHjPVRhDS5dTF5e6GtRvtNogMEEVs91RV,BIAO,dead,-0.0253,-0.2,3,0,0,B
2026-03-16T08:27:14.841Z,B7ExUfQddARMy9EY6WU5VikETysroXd3yx7TqHfPtkVv,SAMO,dead,-0.0396,-0.5,54,0,1,B
2026-03-16T08:28:17.176Z,H3FceQxdL8LEtGqtzb5Cd3AtCbgN1J77wN9uXencSf2G,PND,dead,-0.0243,-1.1,1,0,0,B
2026-03-16T08:31:11.691Z,6Avzm2Gzzbou8wXCxpJLCfK4A5UjrsfaKMWL9b4SW7HU,GIGI,alive,0.0095,27.2,32,0,0,B
2026-03-16T08:32:05.597Z,GsQM3cUihMGBpUD6YjBtYx8qmuNJjhSHH2Puv4qMRYVT,PauseAI,dead,-0.0218,-0.2,5,0,0,B
2026-03-16T08:32:07.397Z,6Avzm2Gzzbou8wXCxpJLCfK4A5UjrsfaKMWL9b4SW7HU,GIGI,alive,0.0534,34.1,32,0,0,B
2026-03-16T08:32:26.252Z,GpTXmkdvrTajqkzX1fBmC4BUjSboF9dHgfnqPqj8WAc4,Kochi,alive,0.1455,84.1,14,0,0,B
2026-03-16T08:33:03.673Z,48CKHCY1S9AAxSANDfJXYgMbg3PDYLbjnQwbfz9w8hrR,Wooper,dead,-0.0155,-2.0,2,0,0,B
2026-03-16T08:33:14.988Z,HiSo5kykqDPs3EG14Fk9QY4B5RvkuEs8oJTiqPX3EDAn,Quagsire,alive,0.0681,44.4,35,0,0,B
2026-03-16T08:37:05.057Z,FxwArENkKBx4QyfoEU1vkBnDzMfZV9Z1b8GBzpT9zb5k,Kakegurui,dead,-0.0239,0.3,4,0,0,B
2026-03-16T08:37:14.108Z,27jbi4ZRjT4bDii6mKP9aHic44pheB3UzD4MvXFPhyyN,Addiction,dead,-0.0217,-0.9,1,0,0,B
2026-03-16T08:39:11.070Z,5BuqRrXrPqBnRYk5vdBX9WJFkJmb5ryGUqK8DnYaM3Wv,PauseAI,alive,0.0669,39.2,1,0,0,B
2026-03-16T08:39:42.265Z,6Avzm2Gzzbou8wXCxpJLCfK4A5UjrsfaKMWL9b4SW7HU,努努,alive,0.0154,24.6,34,0,0,B
2026-03-16T08:39:55.138Z,6Avzm2Gzzbou8wXCxpJLCfK4A5UjrsfaKMWL9b4SW7HU,努努,dead,-0.0213,-1.5,34,0,0,B
2026-03-16T08:40:17.471Z,3Vq4p6p6XtGYdSv12fvTZU14BTZxNzQn45nzy8Zh8nsw,john,dead,-0.0141,-1.8,1,0,0,B
2026-03-16T08:41:04.556Z,GsQM3cUihMGBpUD6YjBtYx8qmuNJjhSHH2Puv4qMRYVT,OBSERVER,alive,-0.0041,16.0,6,0,0,B
2026-03-16T08:41:40.619Z,GsQM3cUihMGBpUD6YjBtYx8qmuNJjhSHH2Puv4qMRYVT,OBSERVER,dead,-0.0127,4.8,6,0,0,B
2026-03-16T08:42:25.060Z,ArkdCAPErAo6KdVDTFA32YKnqaD7jfXsESFoyxQzDgnu,ACM,alive,0.0037,18.7,29,0,0,B
2026-03-16T08:42:38.456Z,ArkdCAPErAo6KdVDTFA32YKnqaD7jfXsESFoyxQzDgnu,ACM,dead,-0.0412,1.0,29,0,0,B
2026-03-16T08:47:19.094Z,AQ46kfYT3hW28Xg5gWHrJkzFSz1oGWBHC3FsTbqgMEco,LIA,dead,-0.0247,-0.7,5,0,0,B
2026-03-16T08:47:48.915Z,9QxBnFQKiN6Ys81HYNvX6whHotwqpYrdmr1NdBcykhFV,henry,dead,-0.0196,-2.0,31,0,0,B
2026-03-16T08:50:14.460Z,GzfE3PSVtaPLW7M3jTPPDS6naTmyhwYi1uZoM6SfRX4k,Toly,alive,-0.0078,5.4,1,0,0,B
2026-03-16T08:51:35.970Z,F9TNxWymThfvs4kVVmyaBqx8pjxpvP7kScNBqiczeY84,ⓗ,alive,-0.0065,8.1,1,0,0,B
2026-03-16T08:52:25.894Z,DK8xiZ4yNgWz4nwz3SH1BGRd4rQwQisQ6i1eVHADtwbL,NEO,dead,-0.0139,1.6,15,0,0,B
2026-03-16T08:54:11.129Z,GsQM3cUihMGBpUD6YjBtYx8qmuNJjhSHH2Puv4qMRYVT,Fallback,dead,-0.0159,1.2,7,0,0,B
2026-03-16T08:54:17.158Z,CuRb2RpKGkq9mWWXxzhGJ2xoN4Wqkcjzq4X4Nqhxcumd,NEO,alive,0.0074,27.2,14,0,0,B
2026-03-16T08:54:48.903Z,CuRb2RpKGkq9mWWXxzhGJ2xoN4Wqkcjzq4X4Nqhxcumd,NEO,alive,0.0714,44.2,14,0,0,B
2026-03-16T08:58:19.314Z,2dv4uz3CkW1XQ6zpJ4M2t7FmAiCFBwRoK6MLWro8kY1o,Kakegurui,alive,-0.0104,7.9,3,0,0,B
2026-03-16T08:58:43.662Z,GsQM3cUihMGBpUD6YjBtYx8qmuNJjhSHH2Puv4qMRYVT,GROK-1,dead,-0.0189,-1.5,8,0,0,B
2026-03-16T09:00:26.869Z,F9TNxWymThfvs4kVVmyaBqx8pjxpvP7kScNBqiczeY84,CAT,alive,0.0057,19.0,2,0,0,B
2026-03-16T09:00:41.793Z,5htGpHK2oV9g2BcDqLdRBqjCLdy8mc3fsESfR5DU73eM,Chico,alive,0.0046,22.9,6,0,0,B
2026-03-16T09:00:46.664Z,F9TNxWymThfvs4kVVmyaBqx8pjxpvP7kScNBqiczeY84,CAT,alive,-0.0097,6.8,2,0,0,B
2026-03-16T09:01:28.958Z,BiTsy8M6CQKtiGUvuemNLymyGHzLjPo6ByQSajcXZnGn,金蟾,dead,-0.0162,0.2,16,0,0,B
2026-03-16T09:01:29.054Z,7xdMe9RVhXz7UDxvWUp8HftLS1ftbBgm9iBW4qMNAn92,USDT,alive,-0.0182,5.3,1,0,0,B
2026-03-16T09:07:09.366Z,ArkdCAPErAo6KdVDTFA32YKnqaD7jfXsESFoyxQzDgnu,金蟾,alive,-0.0089,5.5,32,0,0,B
2026-03-16T09:08:57.603Z,Cx7fGSZk8pXh1hPFuzNWxNk2wVLJQJmG7A6hEb5LxwKQ,花花,alive,0.0128,24.7,1,0,0,B
2026-03-16T09:11:32.039Z,6Avzm2Gzzbou8wXCxpJLCfK4A5UjrsfaKMWL9b4SW7HU,Gake,alive,0.0579,34.9,40,0,0,B
2026-03-16T09:13:06.022Z,Cx7fGSZk8pXh1hPFuzNWxNk2wVLJQJmG7A6hEb5LxwKQ,花花,alive,-0.0145,7.9,2,0,0,B
2026-03-16T09:13:53.335Z,7RxmEj5gq1sT4dxntXdWW68WG1JHzS3y8te6ZVpVRkEy,AgentTrump,alive,0.0508,31.2,2,0,0,B
2026-03-16T09:17:24.883Z,6Avzm2Gzzbou8wXCxpJLCfK4A5UjrsfaKMWL9b4SW7HU,Kakegurui,alive,-0.0073,7.1,43,0,0,B
2026-03-16T09:25:51.711Z,F9TNxWymThfvs4kVVmyaBqx8pjxpvP7kScNBqiczeY84,API,alive,-0.0141,13.1,3,0,0,B
2026-03-16T09:29:09.972Z,EqviQin8eBKfTxRq6iAiNUufnUEMRHR3SJ9NZcjBxKdm,DIMOS,alive,-0.0005,16.6,1,0,0,B
2026-03-16T09:30:04.316Z,N9SyhAXDckG4y2B911paJPpwS7cvxWSxcng53mebXGf,Kurt,dead,-0.0201,-2.0,2,0,0,B
2026-03-16T09:32:49.100Z,pwZ5jRsFKyPGhgcS5uC9SrV3CxdsDptQuLQYiVhGz31,FIVE,alive,-0.0685,9.3,3,0,0,B
2026-03-16T09:33:54.392Z,EBP4E361eYrh5DGxSpnxQrts472D8jJmWruDwPakNvuc,Cart,dead,-0.0166,0.3,1,0,0,B
2026-03-16T09:37:00.286Z,pwZ5jRsFKyPGhgcS5uC9SrV3CxdsDptQuLQYiVhGz31,Trust,alive,0.0191,30.0,4,0,0,B
2026-03-16T09:37:45.065Z,6FvFuV9s9zqJP5w7Xteh2h3aW66EnzKdhGK71UARMuqa,marshmello,alive,0.0449,30.8,1,0,0,B
2026-03-16T09:39:49.869Z,9YyVCgtZkk9fwmr9W6P9zPcb1eJ725oDsAMGxex6SdQv,Doraemon,alive,-0.0756,5.5,5,0,0,B
2026-03-16T09:41:00.112Z,5gamP8U2PAWkicD4FiKLMseYCac67CcaNjYN2ie4QWAT,虾骑马,dead,-0.0142,-0.7,7,0,0,B
2026-03-16T09:41:38.690Z,pwZ5jRsFKyPGhgcS5uC9SrV3CxdsDptQuLQYiVhGz31,ER100,dead,-0.0206,1.9,6,0,0,B
2026-03-16T09:41:52.500Z,53cUS2FCVn2nuSnt4C5i5Fmr7t6LGp7cs9gPWt5C8mMs,LEONARDO,dead,-0.0284,-2.0,1,0,0,B
2026-03-16T09:43:53.390Z,AVEM61WFcEkx8LwpWheeDFsJkNjvSHBgX4WQ5z39G5Vd,FOBO,dead,-0.0211,-1.8,2,0,0,B
2026-03-16T09:44:23.325Z,HKRXtZ79HbmKTu2EQAtJ8DL4xpvhHzwLZ2itHkMubQ1o,Mona,dead,-0.0213,-0.7,1,0,0,B
2026-03-16T09:48:44.924Z,6FvFuV9s9zqJP5w7Xteh2h3aW66EnzKdhGK71UARMuqa,DOG,dead,-0.0265,-1.5,4,0,0,B
2026-03-16T09:49:47.779Z,GCyzm5czxMdAZcsAo6NuM2FTNPJsayeyyN4zZWYoPNk2,ミャク,alive,-0.0079,9.8,2,0,0,B
2026-03-16T09:51:06.595Z,DR87kHASwvyZXmRgRsZ33aaVzGpMQGsU5AKohx6kh5j1,Peace,dead,-0.0245,-0.1,2,0,0,B
2026-03-16T09:51:39.986Z,pwZ5jRsFKyPGhgcS5uC9SrV3CxdsDptQuLQYiVhGz31,BOWEN,alive,0.0537,32.9,7,0,0,B
2026-03-16T09:53:26.853Z,F84wKkf3Nmie85aYRE6gUt1PzobMCqFSF17DexRNRmrj,礼貌猫,dead,-0.0210,-2.0,4,0,0,B
2026-03-16T09:54:12.950Z,DZ3ynee2dgHjs6dJxmqmHxFrrAt4hzUivf7iX2vmZFPu,AIRI,alive,-0.0510,10.0,2,0,0,B
2026-03-16T09:54:48.527Z,BgeNjWsAjmQtXGrHNYTDa1h75NYQacHvfsW3zNeQHBTK,Asylum,dead,-0.0148,-1.7,2,0,0,B
2026-03-16T09:55:38.942Z,JBGdC9a6HaST34Gz26otbvcUnnczZCasjT2zhex7RL1V,Boop,alive,-0.0087,10.0,3,0,0,B
2026-03-16T09:55:39.448Z,G7Zh6S4J26SZZ8YbVxG5yXm7nzMygQAFrYWKyFVCcZY8,REESE,dead,-0.0167,-2.0,1,0,0,B
2026-03-16T09:55:48.307Z,6CurRYnUYdSrwfCNaJGJhc8NfhT41quwgf8bNxWfrrfv,WALL-E,dead,-0.0210,-2.0,1,0,0,B
2026-03-16T09:59:02.779Z,GCyzm5czxMdAZcsAo6NuM2FTNPJsayeyyN4zZWYoPNk2,NPD,dead,-0.0282,-0.4,3,0,0,B
2026-03-16T10:04:41.964Z,6FvFuV9s9zqJP5w7Xteh2h3aW66EnzKdhGK71UARMuqa,memespider,dead,-0.0198,3.5,8,0,0,B
2026-03-16T10:07:19.947Z,F9TNxWymThfvs4kVVmyaBqx8pjxpvP7kScNBqiczeY84,SPARK,alive,0.0014,15.5,6,0,0,B
2026-03-16T10:07:38.069Z,F9TNxWymThfvs4kVVmyaBqx8pjxpvP7kScNBqiczeY84,SPARK,dead,-0.0220,0.3,6,0,0,B
2026-03-16T10:08:51.775Z,8FUmdjqsbS2HAiYBg6yJwwT2BNZfAKa5P2GuHYcPFNXZ,🫧,alive,0.0011,22.3,12,0,0,B
2026-03-16T10:10:17.807Z,J2MQ22RSnMNWhVjR3peczQjim5C5AoiMaR2KEVc8TKjc,Metacoin,alive,0.0914,54.5,8,0,0,B
2026-03-16T10:10:20.864Z,pwZ5jRsFKyPGhgcS5uC9SrV3CxdsDptQuLQYiVhGz31,ichikawa_z,alive,0.0660,38.6,11,0,0,B
2026-03-16T10:11:48.150Z,DyRUFj4jzJSxRsz6mo4YbYnU4r7bn7pxmbtfDhoPYWB9,MRLOOT,dead,-0.0107,1.1,1,0,0,B
2026-03-16T10:11:49.163Z,BfZMwisQwAuJAYGvg3bJdQNeGREikMbGspbbZFDbjUuK,CEO,dead,-0.0258,-2.0,1,0,0,B
2026-03-16T10:14:03.109Z,8FUmdjqsbS2HAiYBg6yJwwT2BNZfAKa5P2GuHYcPFNXZ,Rocketman,alive,-0.0115,13.3,13,0,0,B
2026-03-16T10:18:10.878Z,685Ubk4SzUwm69XzYazG5x8M1ErC2iWVL9fe25vGAppV,Chinese,dead,-0.0209,-2.0,1,0,0,B
2026-03-16T10:20:12.919Z,F9TNxWymThfvs4kVVmyaBqx8pjxpvP7kScNBqiczeY84,Meme,alive,-0.0074,8.5,7,0,0,B
2026-03-16T10:21:08.810Z,pwZ5jRsFKyPGhgcS5uC9SrV3CxdsDptQuLQYiVhGz31,Trump,dead,-0.0413,-1.9,12,0,0,B
2026-03-16T10:21:35.397Z,H6zpaY14WgkEmB3MJTvC7Wb5PQJkBVLd4KwLD2ktVgop,Aicoin,dead,-0.0272,-2.0,1,0,0,B
2026-03-16T10:22:17.199Z,5V1zcBr6GipBXvJwHwU2v4fydouFn4GC39vMGvucdwrA,Aicoin,dead,-0.0241,-2.0,57,0,0,B
2026-03-16T10:26:07.578Z,UpjznwUV4Db3CW1zaL6iAApACBRG1BSYFxNjPZYz4hj,pumpizif,dead,-0.0144,0.1,1,0,0,B
2026-03-16T10:32:10.551Z,5V1zcBr6GipBXvJwHwU2v4fydouFn4GC39vMGvucdwrA,Pilly,alive,-0.0120,6.6,60,0,0,B
2026-03-16T10:32:45.673Z,6FvFuV9s9zqJP5w7Xteh2h3aW66EnzKdhGK71UARMuqa,GENESIS,alive,0.0484,30.7,11,0,0,B
2026-03-16T10:34:11.535Z,3bZ4TVpWJasvKGeNWXhHzoCQcjR95iraogNhKbbEaR8T,generational,dead,-0.0200,-1.6,1,0,0,B
2026-03-16T10:37:34.427Z,4zx6FeKGxkBvd7HNCeQ3VpAmK3FvKHooCXmQCjKasJgB,UnitreeG1,dead,-0.0263,-2.0,1,0,0,B
2026-03-16T10:37:43.166Z,6FvFuV9s9zqJP5w7Xteh2h3aW66EnzKdhGK71UARMuqa,DAISY,alive,0.0473,32.6,12,0,0,B
2026-03-16T10:40:19.228Z,H6zpaY14WgkEmB3MJTvC7Wb5PQJkBVLd4KwLD2ktVgop,cake,dead,-0.0150,-0.9,4,0,0,B
2026-03-16T10:42:42.011Z,B7ExUfQddARMy9EY6WU5VikETysroXd3yx7TqHfPtkVv,SAMO,alive,0.0571,34.1,55,0,1,B
2026-03-16T10:42:54.814Z,zHMVtXNHkxXC9BiWkn1VjgUnXtUg7RvpL1tJiGjPrAg,フグ,dead,-0.0314,-2.0,1,0,0,B
2026-03-16T10:43:03.350Z,CBFCt3XxmgihBxf2pHtzkes52Kecbj99aHWdc3nZh8m,Inut,dead,-0.0415,-1.9,1,0,0,B
2026-03-16T10:43:23.689Z,6FvFuV9s9zqJP5w7Xteh2h3aW66EnzKdhGK71UARMuqa,Blep,alive,0.0035,18.4,13,0,0,B
2026-03-16T10:48:06.653Z,3QZCSXGbKNQCP4aakdSz2E7HBZrqq7HCkFVbcrRmfzQD,Romanus,dead,-0.0240,-2.0,1,0,0,B
2026-03-16T10:49:07.305Z,B7ExUfQddARMy9EY6WU5VikETysroXd3yx7TqHfPtkVv,BARRON,alive,0.0593,35.4,56,0,1,B
2026-03-16T10:49:25.466Z,Ao9D9xuKxhHfTGCd3ZeBPJ3aBRUAicKKnXZ3feH6uuGC,LabClaw,alive,0.0862,49.5,4,0,0,B
2026-03-16T10:53:05.486Z,5rMPUEcuSxirQMrcYZeFpgdWRdRcha8pGy3yNBn2Wga6,LOOM,dead,-0.0199,-2.0,2,0,0,B
2026-03-16T10:53:08.778Z,HRHgWdXY1A6zNtM9nvXphQPfxvXjTcAyT7gUDeb6Q7Tm,SAHURGUY,dead,-0.0236,-0.2,1,0,0,B
2026-03-16T10:53:16.916Z,4xHRe3YsTLGwvw5m83wSQGav4VYkDiyJMyQ7PqDfGmLr,Forest,dead,-0.0229,-2.0,3,0,0,B
2026-03-16T10:56:12.766Z,5eZdq1v2oaP6AwfdXRECG51o7fWwBq7NZ6QrrM2f41ND,BELL,dead,-0.0208,3.0,1,0,0,B
2026-03-16T10:58:53.333Z,8VPxHZRGLVFv6cVgwavSqL2B9VaiXPf1cGxvtcvfENY6,6,alive,0.0568,34.4,1,0,0,B
2026-03-16T10:58:57.964Z,6FvFuV9s9zqJP5w7Xteh2h3aW66EnzKdhGK71UARMuqa,Eric,dead,-0.0201,-2.0,17,0,0,B
2026-03-16T10:59:01.038Z,4cXnf2z85UiZ5cyKsPMEULq1yufAtpkatmX4j4DBZqj2,Quarter,dead,-0.0282,-2.0,1,0,0,B
2026-03-16T11:02:06.833Z,Eck6pp48ANyR63nf6PP5cSS7Z7SUXF4FZ7LmpS5Bm3jV,Robust,dead,-0.0219,-0.1,2,0,0,B
2026-03-16T11:02:16.298Z,B7ExUfQddARMy9EY6WU5VikETysroXd3yx7TqHfPtkVv,LOOM,alive,0.0498,30.4,57,0,1,B
2026-03-16T11:02:35.999Z,HNzCaRWbPtFyejzPX94HuymW47MXyurWWt9JbBVxTpSP,ASUKA,dead,-0.0107,3.9,3,0,0,B
2026-03-16T11:03:08.800Z,5V1zcBr6GipBXvJwHwU2v4fydouFn4GC39vMGvucdwrA,G1,dead,-0.0138,-0.7,70,0,0,B
2026-03-16T11:05:40.548Z,A6Koyst4zcRKqeu1o621YouyHLwpYvJxumBC2cWuQJmF,Quarter,alive,-0.0008,25.0,6,0,1,B
2026-03-16T11:06:09.732Z,5V1zcBr6GipBXvJwHwU2v4fydouFn4GC39vMGvucdwrA,ONE,alive,-0.0146,13.7,72,0,0,B
2026-03-16T11:07:10.158Z,B7ExUfQddARMy9EY6WU5VikETysroXd3yx7TqHfPtkVv,RES,alive,-0.0732,15.2,58,0,1,B
2026-03-16T11:07:29.445Z,5V1zcBr6GipBXvJwHwU2v4fydouFn4GC39vMGvucdwrA,One,alive,0.0672,41.0,74,0,0,B
2026-03-16T11:07:42.639Z,HoVd4Z2m8cGUfNFsAGhLpWwLaEmyiLhJKpWdnRwbWeB,USOA,alive,0.0640,37.5,8,0,0,B
2026-03-16T11:08:42.896Z,HL45NLY8vnSd2NgyTvsZ8qzuikiBY8sTNwwZ51tggJGX,COCK,alive,-0.0104,9.4,1,0,0,B
2026-03-16T11:10:05.744Z,5RQbwXV3bPZAwC4hzFH7SkiTZsmV3FYr9vE3JepvoCBL,LS,dead,-0.0874,-1.9,1,0,0,B
2026-03-16T11:10:28.015Z,B7ExUfQddARMy9EY6WU5VikETysroXd3yx7TqHfPtkVv,PIA,dead,-0.0094,-0.6,59,0,1,B
2026-03-16T11:10:51.962Z,6FvFuV9s9zqJP5w7Xteh2h3aW66EnzKdhGK71UARMuqa,burncoin,alive,0.0100,28.0,18,0,0,B
2026-03-16T11:11:46.143Z,4uRycywj6WxYDL366bzQmjDjQxc41bfE6kwJRoQpw9gx,ClawStack,dead,-0.0348,3.3,1,0,0,B
2026-03-16T11:12:04.886Z,HiSo5kykqDPs3EG14Fk9QY4B5RvkuEs8oJTiqPX3EDAn,Ru,dead,-0.0251,-2.0,43,0,0,B
2026-03-16T11:12:51.663Z,72ty8Q2rhcEor2MwCoAfH74ANsaVbUR6bsnehCJufDYB,RUTHENINU,dead,-0.0214,-0.9,10,0,0,B
2026-03-16T11:13:36.906Z,3epjipGFst26gyd4PRvHDqKgrHfVZVuBqsCqpveayWoL,BuzzCat,dead,-0.0125,-2.0,1,0,0,B
2026-03-16T11:15:48.151Z,3YC4wTMFt4KR7mS2qeQyP4Lo964W1TeDarpzqQMamnwi,Darren,alive,-0.0076,12.5,1,0,0,B
2026-03-16T11:15:54.545Z,CfUxzb263UQ79kFVCrBW9PcDgEu2V1bfCKXMtF1b9zi2,chicken,alive,-0.0068,5.4,1,0,0,B
2026-03-16T11:16:46.402Z,9TxWyHauYoZqoEwpjPbNyeubcygt6xX9zrxDZB1WEdAa,Darren,dead,-0.0163,0.1,1,0,0,B
2026-03-16T11:18:52.557Z,B7ExUfQddARMy9EY6WU5VikETysroXd3yx7TqHfPtkVv,MBGA,alive,0.0510,30.9,60,0,1,B
2026-03-16T11:19:10.183Z,6FvFuV9s9zqJP5w7Xteh2h3aW66EnzKdhGK71UARMuqa,MedWife,dead,-0.0144,1.2,20,0,0,B
2026-03-16T11:20:02.403Z,9r24kdkrTeRC6evjjVMzyh2o3LjNuGWJAWTLTU5qJ2eK,lobsterM,dead,-0.0232,0.1,1,0,0,B
2026-03-16T11:20:48.456Z,CuRb2RpKGkq9mWWXxzhGJ2xoN4Wqkcjzq4X4Nqhxcumd,Gary,alive,-0.0066,14.7,36,0,0,B
2026-03-16T11:21:08.758Z,6FvFuV9s9zqJP5w7Xteh2h3aW66EnzKdhGK71UARMuqa,Selperttem,alive,0.0168,23.6,21,0,0,B
2026-03-16T11:21:10.183Z,HoVd4Z2m8cGUfNFsAGhLpWwLaEmyiLhJKpWdnRwbWeB,PUSH,dead,-0.0081,0.0,9,0,0,B
2026-03-16T11:21:36.829Z,JDzCTzCbkEXvPM6jsdDZUY6FdfDTGMWwbiDa6oRU5qCE,まじイヌ,dead,-0.0250,-2.0,1,0,0,B
2026-03-16T11:21:44.558Z,6FvFuV9s9zqJP5w7Xteh2h3aW66EnzKdhGK71UARMuqa,Selperttem,alive,-0.0104,6.9,21,0,0,B
2026-03-16T11:22:00.194Z,C2GtJzdHN7ff8WVtVcjVGjHAUYPhT9RTcYuTX8nQbnfg,ULI,dead,-0.0121,3.2,1,0,0,B
2026-03-16T11:22:58.678Z,DDet1bus2mWhX8GGqWSTWxG5L37PNgXR8xn5AbW3tkLQ,ULI,dead,-0.0213,0.1,1,0,0,B
2026-03-16T11:23:11.123Z,DTHCimq1B8bsm78e2sDQ2ip3qP5UmU1kLwZWPAW11oHa,herry,dead,-0.0211,-2.0,5,0,0,B
2026-03-16T11:24:20.986Z,3PURG7r2jAnV3oczPoMxWsbKuYGqPfsbCcCPudSoTcH8,aura,alive,0.0580,34.4,1,0,0,B
2026-03-16T11:25:34.445Z,B7ExUfQddARMy9EY6WU5VikETysroXd3yx7TqHfPtkVv,aura,alive,0.0653,38.2,61,0,1,B
2026-03-16T11:27:10.713Z,6FvFuV9s9zqJP5w7Xteh2h3aW66EnzKdhGK71UARMuqa,herry,alive,0.0100,21.6,22,0,0,B
2026-03-16T11:27:21.768Z,6FvFuV9s9zqJP5w7Xteh2h3aW66EnzKdhGK71UARMuqa,herry,dead,-0.0122,0.9,22,0,0,B
2026-03-16T11:29:50.451Z,D1kem6qUM1Txb7844DrUdTuNCTFoeG2v4G3CMHCkBHW,RAM,dead,-0.0211,-2.0,1,0,0,B
2026-03-16T11:33:42.924Z,4BaKhFFEkNbiCjuHd9AnajJf4avrM9Lsc7snuiNwgT8N,SPLOOT,dead,-0.0218,-2.0,2,0,0,B
2026-03-16T11:34:10.511Z,6zjfci2DHHW4NS3QtjXHQU3nrHpQe9KWnhrCXwgrXp8J,Darren,dead,-0.0154,-2.0,1,0,0,B
2026-03-16T11:34:15.190Z,6FvFuV9s9zqJP5w7Xteh2h3aW66EnzKdhGK71UARMuqa,ATO,dead,-0.0199,0.6,24,0,0,B
2026-03-16T11:34:38.410Z,6Fgwar6rqjtkF9qXLeSdBPmg1aXNqGPVPLhhj4gwbGki,AGENTRUMP,alive,-0.0069,5.7,1,0,0,B
2026-03-16T11:36:53.756Z,GBvVoRCUJ2W1HA7aUvFPZkvBbmmbHvpBQYTrPcVJro9T,まじイヌ,dead,-0.0144,-2.0,1,0,0,B
2026-03-16T11:38:14.689Z,BpRJpq51c3kZFqn13idfzz9TxXnhYFWCGoDMxJywDNBS,GERALD,alive,0.0491,30.5,1,0,0,B
2026-03-16T11:39:28.293Z,6FvFuV9s9zqJP5w7Xteh2h3aW66EnzKdhGK71UARMuqa,SolChan,dead,-0.0209,-2.0,25,0,0,B
2026-03-16T11:40:10.973Z,7xhcsGygzmrwaVMKeVFzQ5Ghg18vTMERUCXh29zm7RjV,白化病,dead,-0.1071,0.6,1,0,0,B
2026-03-16T11:41:19.479Z,9rifEyzMWSENJp2mVakzxh9MNiB8rYvP12VxKNwqz9ja,まじイヌ,dead,-0.0384,1.9,1,0,0,B
2026-03-16T11:42:30.500Z,ZcmPmDJBA5cpF7SmH9xvg6b3aWvJiJJXwVnhEqy4aYq,SAM,alive,0.0118,10.3,1,0,0,B
2026-03-16T11:42:39.972Z,GPq5mSL5EEgM3EYKpH2Ltfckf7TpqwouGPRTsJA6a9Mi,SOLHOUSE,alive,-0.0173,11.4,2,0,1,B
2026-03-16T11:46:59.215Z,GpTXmkdvrTajqkzX1fBmC4BUjSboF9dHgfnqPqj8WAc4,ClaudeBot,dead,-0.0243,-2.0,70,0,0,B
2026-03-16T11:47:15.483Z,GPq5mSL5EEgM3EYKpH2Ltfckf7TpqwouGPRTsJA6a9Mi,UWH,dead,-0.0205,-1.6,4,0,1,B
2026-03-16T11:48:38.457Z,5YR2dEo3Rtv6Sv35jjitF236Q2Eg1zWjwdUHfYLA1QEb,Jomvet,alive,-0.0128,5.9,1,0,0,B
2026-03-16T11:49:18.407Z,B7ExUfQddARMy9EY6WU5VikETysroXd3yx7TqHfPtkVv,MIX,dead,-0.0839,-0.3,63,0,1,B
2026-03-16T11:49:24.485Z,7VzKD7nTQg9ypcJtT1cA34aa9wLGRHzjGvZNQx53r8WA,phone,alive,0.0900,67.7,2,0,0,B
2026-03-16T11:49:50.014Z,8FUmdjqsbS2HAiYBg6yJwwT2BNZfAKa5P2GuHYcPFNXZ,Base,dead,-0.0118,-2.0,20,0,0,B
2026-03-16T11:51:39.166Z,BcoUw7seKfanVr8UG3PstXQ2w6sTW2SLxP8uFXxZPAed,job?,alive,0.0731,44.5,9,1,0,B
2026-03-16T11:51:58.431Z,GPq5mSL5EEgM3EYKpH2Ltfckf7TpqwouGPRTsJA6a9Mi,UWH,dead,-0.0102,0.5,5,0,1,B
2026-03-16T11:52:32.550Z,B7ExUfQddARMy9EY6WU5VikETysroXd3yx7TqHfPtkVv,SAMO,dead,-0.0093,0.3,64,0,1,B
2026-03-16T11:54:24.976Z,6FvFuV9s9zqJP5w7Xteh2h3aW66EnzKdhGK71UARMuqa,Kakegurui,alive,0.0077,17.6,28,0,0,B
2026-03-16T11:57:21.740Z,BcoUw7seKfanVr8UG3PstXQ2w6sTW2SLxP8uFXxZPAed,AMBER,alive,-0.0205,45.6,10,1,0,B
2026-03-16T11:58:16.828Z,GeUnv1jmtviRbR7Gu1JnXSGkUMUgFVBHuEVQVpTaUX1W,cif,alive,0.0512,32.6,6,0,0,B
2026-03-16T12:01:13.111Z,4odjtBD1JM7QRfRJQ52PABDhMjC3Vj7r2zr3rJbNpSFn,PUMPMAN,alive,0.0816,48.0,1,0,0,B
2026-03-16T12:02:07.076Z,6FvFuV9s9zqJP5w7Xteh2h3aW66EnzKdhGK71UARMuqa,memespider,alive,-0.0073,5.1,30,0,0,B
2026-03-16T12:03:06.006Z,GPq5mSL5EEgM3EYKpH2Ltfckf7TpqwouGPRTsJA6a9Mi,GIGI,dead,-0.0206,-1.6,7,0,1,B
2026-03-16T12:04:15.606Z,DTHCimq1B8bsm78e2sDQ2ip3qP5UmU1kLwZWPAW11oHa,memespider,alive,-0.0137,8.3,25,0,0,B
2026-03-16T12:04:45.942Z,5FqUo9aBjsp7QeeyN6Vi2ZmF2fjS4H5EU7wnAQwPy17z,Banksy,dead,-0.0215,-2.0,57,0,0,B
2026-03-16T12:07:21.800Z,Hp34goKgAhAYW6sw9iFAZofvDTr3DAhtkSKF1R9bAk2P,Jorge,alive,-0.0163,10.3,2,0,0,B
2026-03-16T12:08:29.458Z,AjovsBj5KjSkrBNELGFb5V6zqmXQgAZ6JaDSM3fYVthT,Burnv2,dead,-0.0267,-2.0,2,0,0,B
2026-03-16T12:09:08.458Z,GPq5mSL5EEgM3EYKpH2Ltfckf7TpqwouGPRTsJA6a9Mi,Erika,dead,-0.0091,4.4,9,0,1,B
2026-03-16T12:09:29.783Z,6FvFuV9s9zqJP5w7Xteh2h3aW66EnzKdhGK71UARMuqa,Kabbalah,dead,-0.0088,3.3,31,0,0,B
2026-03-16T12:09:36.041Z,2X9QksfKW8VmLSeQJkBVtPUptJPYvxMbosrfi2iFsdkY,KOOZIE,dead,-0.0148,3.7,1,0,0,B
2026-03-16T12:11:01.500Z,FDLoqFjZuJ8TciKHshJEANPBM3uMZQfzwUmv9f8MMENp,PUMPBORG,alive,0.0122,20.2,1,0,0,B
2026-03-16T12:11:10.228Z,FDLoqFjZuJ8TciKHshJEANPBM3uMZQfzwUmv9f8MMENp,PUMPBORG,alive,-0.0104,6.9,1,0,0,B
2026-03-16T12:12:22.769Z,HF2EGxkKXRhdR93ZN5fY925PpecZDwRfKwhag6mvFMLW,HQ,dead,-0.0221,-0.4,10,0,0,B
2026-03-16T12:13:11.147Z,6FvFuV9s9zqJP5w7Xteh2h3aW66EnzKdhGK71UARMuqa,MINT,dead,-0.0140,-2.0,32,0,0,B
2026-03-16T12:14:32.292Z,AjovsBj5KjSkrBNELGFb5V6zqmXQgAZ6JaDSM3fYVthT,DPP,alive,0.0543,33.3,3,0,0,B
2026-03-16T12:22:44.457Z,3o4EhamPgkoSUhSc2JAWfGL1NC3mWuhfboap4Bq93SVc,Meta,dead,-0.0165,-0.7,2,0,0,B
2026-03-16T12:27:53.548Z,6FvFuV9s9zqJP5w7Xteh2h3aW66EnzKdhGK71UARMuqa,Nourish,alive,0.0057,18.8,36,0,0,B
2026-03-16T12:30:40.343Z,pwZ5jRsFKyPGhgcS5uC9SrV3CxdsDptQuLQYiVhGz31,oscar,alive,-0.0181,11.1,14,0,0,B
2026-03-16T12:31:32.090Z,3Zmu9QnmSXF9tJcNz3ggu3izeZvtPKnufQ7cAu8XiALj,Yuri,alive,0.0407,32.7,1,0,0,B
2026-03-16T12:31:52.069Z,ArkdCAPErAo6KdVDTFA32YKnqaD7jfXsESFoyxQzDgnu,MILLI-ELON,dead,-0.0163,1.4,39,0,0,B
2026-03-16T12:33:15.388Z,6FvFuV9s9zqJP5w7Xteh2h3aW66EnzKdhGK71UARMuqa,MEMECULT,alive,-0.0101,12.4,38,0,0,B
2026-03-16T12:33:39.539Z,KTQ97SpX3b2aVsyfyaY1WxXnmKbeujmQ6NLQMQJxMeN,LARRY,dead,-0.0131,-2.0,1,0,0,B
2026-03-16T12:33:46.261Z,DTHCimq1B8bsm78e2sDQ2ip3qP5UmU1kLwZWPAW11oHa,Glassworm,alive,-0.0136,9.2,38,0,0,B
2026-03-16T12:34:15.026Z,JAuufdqCmVJ7sZXUScnp9qkgpoYig29DxQ7NR4jPHwT3,Nourish,alive,0.0479,32.3,1,0,0,B
2026-03-16T12:35:59.158Z,N9SyhAXDckG4y2B911paJPpwS7cvxWSxcng53mebXGf,Bald,alive,0.1052,65.1,35,0,0,B
2026-03-16T12:36:18.954Z,6FvFuV9s9zqJP5w7Xteh2h3aW66EnzKdhGK71UARMuqa,Bob,dead,-0.0196,3.0,39,0,0,B
2026-03-16T12:38:01.618Z,pwZ5jRsFKyPGhgcS5uC9SrV3CxdsDptQuLQYiVhGz31,BB,alive,-0.0019,26.0,15,0,0,B
2026-03-16T12:39:25.091Z,36A6mEN5rYJdVTb6fMqVvG6ez8g2mTYdr1omWcQ1kDKG,Fugu,dead,-0.0189,-1.5,2,0,0,B
2026-03-16T12:40:18.956Z,7ba231aw1WJXY9g1dzd3tVC36XqfvMymEzA4XWtnHaV2,Samocoin,dead,-0.0100,4.1,1,0,0,B
2026-03-16T12:43:48.812Z,pwZ5jRsFKyPGhgcS5uC9SrV3CxdsDptQuLQYiVhGz31,Oscar,alive,0.0510,31.0,16,0,0,B
2026-03-16T12:45:01.946Z,EYTAoxogVTn36m4Ghu6PHmEbZ99ZTRMm2g6e89VmEVkt,SCT,alive,-0.0077,7.7,1,0,0,B
2026-03-16T12:45:09.129Z,978tbqyw5b6ardX8yyTygrZAqByJBVxCuE1Kfo2xScQ,Iruka,dead,-0.0725,1.3,1,0,0,B
2026-03-16T12:46:14.290Z,ArkdCAPErAo6KdVDTFA32YKnqaD7jfXsESFoyxQzDgnu,END,dead,-0.0273,-1.5,41,0,0,B
2026-03-16T12:50:52.438Z,3njcrxWZAfL7aYW2oMskowY9GfnGBehX2Jw3vejTHPEW,GAyatolla,alive,0.0164,22.9,17,0,0,B
2026-03-16T12:51:32.023Z,8chhLY55EX4xeLFrLuWBHtoYeLhcPwgZJhibrXv9vWxB,eˣ,alive,-0.1179,21.9,1,0,0,B
2026-03-16T12:52:06.607Z,BnKGqa3JFWQETXKQYKbaguF5Trjk34QLUba8D8Z93Sjs,Punchi,alive,-0.0359,7.3,2,0,0,B
2026-03-16T12:52:20.323Z,8NXkTEc27tEP53ASxM61QQF1CtvKH1DJfWYFSZ6Lo2Po,BALD,dead,-0.0245,2.7,1,0,0,B
2026-03-16T12:52:48.355Z,BGtoLwEjaAYkAYg8br4TDFkqoSLHF2fW8SQq6XyqPqd7,52NUGGETS,dead,-0.0143,-2.0,1,0,0,B
2026-03-16T12:53:04.240Z,4RcgLdN57ktH1F9rQLp9wtskHx4yvbGRtAsC1Hr4VZpA,Gayatollah,dead,-0.0141,0.1,1,0,0,B
2026-03-16T12:53:41.749Z,pwZ5jRsFKyPGhgcS5uC9SrV3CxdsDptQuLQYiVhGz31,SOLVI,dead,-0.0268,-1.5,17,0,0,B
2026-03-16T12:56:24.036Z,5sF6UyjSuSSz5ePupQg9ZQkkdMqxfXYTbTNxJMENRgR,Bill,dead,-0.0192,-1.4,1,0,0,B
2026-03-16T12:57:37.410Z,7Mfu9FRPZd8tGWAYnRa9gaN8U6GXrkEdkzeYKTTseXjm,6,alive,0.0792,46.6,15,0,0,B
2026-03-16T12:58:39.092Z,HH7jLETzcSBnFQcAG5D4VUiFYPSATTyhu5R3QCgzW2M,BOBO,dead,-0.0148,1.2,1,0,0,B
2026-03-16T12:59:21.262Z,XsKWmaMYdHzT9vWUkmzD1yLjzHwqq97FWPhGnG44GS7,Onboarding,dead,-0.0191,-2.0,1,0,0,B
2026-03-16T12:59:39.419Z,N9SyhAXDckG4y2B911paJPpwS7cvxWSxcng53mebXGf,JM,alive,0.0492,33.3,39,0,0,B
2026-03-16T13:00:26.272Z,3GUZmyMfYBMjhAM6B24WtFNmTj7mUT2NvuqoBkjfjZtV,PANCAKE,dead,-0.0104,0.8,1,0,0,B
2026-03-16T13:03:23.219Z,8cEz9TTrrtESNYLPi6syTnWLBgBnn65FRAXSQRDKd51n,AGENTPUNCH,dead,-0.0247,0.8,1,0,0,B
2026-03-16T13:06:28.947Z,pwZ5jRsFKyPGhgcS5uC9SrV3CxdsDptQuLQYiVhGz31,BB,alive,0.0516,31.2,18,0,0,B
2026-03-16T13:07:28.246Z,96pv9MWWt1xybh9exngtPN4NDvKdby65xg8P7HiyENq9,GAYATOLLA,dead,-0.0211,-1.9,20,0,0,B
2026-03-16T13:10:18.163Z,eqieoim6mqsqXAchGc48eerbkmUQqmhioicHJ3ye39p,JM,dead,-0.0131,-2.0,1,0,0,B
2026-03-16T13:13:12.683Z,GeUnv1jmtviRbR7Gu1JnXSGkUMUgFVBHuEVQVpTaUX1W,Builders,alive,-0.0110,8.7,16,0,0,B
2026-03-16T13:13:21.102Z,CcD9XeGj6oEVbPDonHYZ6ou7fHcFKWxRwW7Mu6qFFsQ7,cakecoin,dead,-0.1109,-2.0,1,0,0,B
2026-03-16T13:13:45.795Z,HiSo5kykqDPs3EG14Fk9QY4B5RvkuEs8oJTiqPX3EDAn,BEAR,alive,-0.0066,13.2,54,0,0,B
2026-03-16T13:14:32.052Z,2dv4uz3CkW1XQ6zpJ4M2t7FmAiCFBwRoK6MLWro8kY1o,Oil,dead,-0.0210,-2.0,16,0,0,B
2026-03-16T13:15:34.359Z,2ExgeHG62LrXD1sEAvJw2bGTvBbUgecV89K6Z72zzbXk,AI-free,dead,-0.0162,-0.6,33,0,0,B
2026-03-16T13:17:55.867Z,2gATkhwyiWwHewPVswBZrcZ9TTb9iDtRMV7AWZH1Yt2k,OBSERVER,alive,-0.0096,9.0,2,0,0,B
2026-03-16T13:19:27.535Z,HiSo5kykqDPs3EG14Fk9QY4B5RvkuEs8oJTiqPX3EDAn,KANZI,dead,-0.0128,4.4,56,0,0,B
2026-03-16T13:21:18.974Z,4SZuHGtoLAY5hpT2vZVTFDp33QeKxpS9La2LWs99TbmL,Cope,dead,-0.0176,3.4,1,0,0,B
2026-03-16T13:25:07.780Z,4GpzFNmfLHbgDiM6bZpwBdzpA2q5n134byu1vFPkVV8h,foid,alive,-0.0071,14.4,1,0,0,B
2026-03-16T13:26:27.272Z,Dde9n8s2NPiL9Wd99NftqDtbwRrsPkyxxKDAJeRhCXoJ,/run,alive,-0.0065,9.5,21,0,0,B
2026-03-16T13:26:49.223Z,AgCkmCjHuK56FSYtCdNhBsSGaqiwyxchTKYWEG34etND,WHEN,alive,-0.0081,11.5,1,0,0,B
2026-03-16T13:26:55.687Z,DWxSpDYBvQqjx73KeDAteP9qEZtJqDuzz1SGs9b8aeAA,000,dead,-0.0461,-2.0,1,0,0,B
2026-03-16T13:27:32.057Z,pwZ5jRsFKyPGhgcS5uC9SrV3CxdsDptQuLQYiVhGz31,EWYUSDT,dead,-0.0136,1.1,19,0,0,B
2026-03-16T13:28:12.827Z,5NLZNeABfg17ds3GQLMhZBdycSsViATgJUS1Zw8Srmx7,Oil,dead,-0.0154,-0.5,1,0,0,B
2026-03-16T13:29:09.675Z,5gamP8U2PAWkicD4FiKLMseYCac67CcaNjYN2ie4QWAT,CircleJerk,alive,0.0598,35.3,19,0,0,B
2026-03-16T13:30:45.291Z,HHvNmD3e819N3T1Mix3q9MuGmcn7sjPLX255cTXagtzG,Moe-chan,alive,0.0148,22.7,1,0,0,B
2026-03-16T13:31:08.767Z,2cEkpF6TUrwXA2cqKw5rMSkbbtz1uVre7R6QDaDs5sYy,BEAR,dead,-0.0139,4.3,1,0,0,B
2026-03-16T13:32:03.156Z,C9siarwWAvYGucR3KReD1fqZ2tCgSUPYeN73okQTUJup,Garden,dead,-0.0175,-0.7,1,0,0,B
2026-03-16T13:33:26.997Z,pwZ5jRsFKyPGhgcS5uC9SrV3CxdsDptQuLQYiVhGz31,GAyatollah,alive,-0.0126,13.2,21,0,0,B
2026-03-16T13:34:54.976Z,HVabKF8DXszhBL8GYmzX6JRCgYuQFGX73o2P9FSUoNvc,AGENTHOUSE,dead,-0.0155,-2.0,15,1,5,A
2026-03-16T13:38:43.017Z,pwZ5jRsFKyPGhgcS5uC9SrV3CxdsDptQuLQYiVhGz31,bust,dead,-0.0768,2.5,22,0,0,B
2026-03-16T13:39:15.607Z,6VsTcWHLUE14rgVMXD3tabAZiyeHFX9bf2sdva7GvbSk,Intern,dead,-0.0226,-2.0,1,0,0,B
2026-03-16T13:39:43.570Z,bwamJzztZsepfkteWRChggmXuiiCQvpLqPietdNfSXa,Labbies,alive,0.0123,24.7,51,0,0,B
2026-03-16T13:39:50.535Z,HVabKF8DXszhBL8GYmzX6JRCgYuQFGX73o2P9FSUoNvc,TERAFAB,dead,-0.0359,-1.7,18,1,5,A
2026-03-16T13:41:21.567Z,EtGXQ4xmiEbyv2t1AokFJKmqjUrpV45konEnq1RKRm5t,dollo,alive,0.0496,30.1,1,0,0,B
2026-03-16T13:43:57.020Z,ABmLmE2jvJDiVmpSmu97deyNuPa3HdvmM7Qm4hiq3Pk,AGENTCHUD,alive,-0.0151,9.0,1,0,0,B
2026-03-16T13:44:42.851Z,FUTsKC9BvimL8PifZiiw5oMVG1BQrrHAymL6TVxiv5Xz,CHILL,dead,-0.0145,1.0,1,0,0,B
2026-03-16T13:45:23.284Z,FbbuEtsukFjv7nQUcqXasdymDeqEbFQKmazwE4qrvTMZ,RoastMyHuman,dead,-0.0113,4.5,12,0,0,B
2026-03-16T13:45:43.266Z,pwZ5jRsFKyPGhgcS5uC9SrV3CxdsDptQuLQYiVhGz31,REPORTS,dead,-0.0088,-0.4,24,0,0,B
2026-03-16T13:45:47.037Z,HF2EGxkKXRhdR93ZN5fY925PpecZDwRfKwhag6mvFMLW,COW,dead,-0.0286,2.4,23,0,0,B
2026-03-16T13:47:49.731Z,3pGKgseP5F19CSScQePPpktaRZo4qPTscFcXVgXEeMaT,LIFE,alive,0.0134,21.7,1,0,0,B
2026-03-16T13:47:53.759Z,7Mfu9FRPZd8tGWAYnRa9gaN8U6GXrkEdkzeYKTTseXjm,[dog],dead,-0.0178,-0.8,22,0,0,B
2026-03-16T13:52:03.599Z,pwZ5jRsFKyPGhgcS5uC9SrV3CxdsDptQuLQYiVhGz31,Quarter,alive,0.0494,30.0,25,0,0,B
2026-03-16T13:52:41.179Z,GeUnv1jmtviRbR7Gu1JnXSGkUMUgFVBHuEVQVpTaUX1W,Myaku-Myaku,dead,-0.0295,-0.5,19,0,0,B
2026-03-16T13:54:08.580Z,8i5U2uNBEuTc4zskYP14zbebDg2RSwrrG8REhEnJb97K,CLEFAIRY,dead,-0.0232,-0.5,1,0,0,B
2026-03-16T13:54:48.246Z,785APFwSZQs5cu7WrGbGYh5yRfUE8EzeviGwvznEMht1,ミャク,dead,-0.0205,1.3,1,0,0,B
2026-03-16T13:55:01.159Z,uYvBQf9DmPKppKYk7NNPvXu2qUB3MrGeqE9f7R1TvBe,soul.md,alive,0.0379,35.1,3,0,0,B
2026-03-16T13:58:30.155Z,EyY1DMZ6mGCx8BU7n3gPRW6DQnZWxGQC4CTJJLWPxarx,Jorge,alive,0.0427,36.4,10,0,0,B
2026-03-16T13:59:14.612Z,HYUaYeYHsPn4ih2WihQ5jeTwZYMtkRqCKoeeBbEAQMVJ,READING,alive,0.0513,35.7,1,0,0,B
2026-03-16T13:59:52.919Z,6FvFuV9s9zqJP5w7Xteh2h3aW66EnzKdhGK71UARMuqa,Yamato,alive,0.0509,30.7,62,0,0,B
2026-03-16T14:01:18.983Z,8UT7azBTNRNMZrzrHtu1JCpUejKWwjEeeb8ManBv953Y,CRAB,alive,-0.0063,6.4,1,0,0,B
2026-03-16T14:01:41.780Z,AcZSuhdDBcQpQDagHPxKzgfRwTfwRKBbRnDtTAKRhcDD,PHONE,dead,-0.0218,2.9,1,0,0,B
2026-03-16T14:04:33.159Z,Dde9n8s2NPiL9Wd99NftqDtbwRrsPkyxxKDAJeRhCXoJ,Raven,dead,-0.0152,4.1,25,0,0,B
2026-03-16T14:05:04.215Z,7sngmgEbA8J7jUdkM1ZsG4kDN6jeNHWBAFjSAqT8MYhx,MNMX,alive,-0.0070,11.9,1,0,0,B
2026-03-16T14:07:22.254Z,pwZ5jRsFKyPGhgcS5uC9SrV3CxdsDptQuLQYiVhGz31,USOA,alive,0.0614,36.3,26,0,0,B
2026-03-16T14:08:29.675Z,6FvFuV9s9zqJP5w7Xteh2h3aW66EnzKdhGK71UARMuqa,NEO,dead,-0.0124,4.1,64,0,0,B
2026-03-16T14:08:37.897Z,44U32ELj41BQhdyPm84qV7UTenysxKDYFb2zLLYnP2EH,Raven,dead,-0.0202,-1.8,2,0,0,B
2026-03-16T14:09:35.345Z,GsQM3cUihMGBpUD6YjBtYx8qmuNJjhSHH2Puv4qMRYVT,PauseAI,dead,-0.0145,-0.5,16,0,0,B
2026-03-16T14:12:47.673Z,8YcbyX92UHTU23HZv3ccP9o13qibErQkKaUjoxqxd7SJ,PauseAI,dead,-0.0157,2.3,2,0,0,B
2026-03-16T14:13:46.310Z,bwamJzztZsepfkteWRChggmXuiiCQvpLqPietdNfSXa,RUBIO,alive,-0.0063,5.5,65,0,0,B
2026-03-16T14:14:39.237Z,pwZ5jRsFKyPGhgcS5uC9SrV3CxdsDptQuLQYiVhGz31,OSCAR,dead,-0.0194,4.5,29,0,0,B
2026-03-16T14:15:38.271Z,5M8qnajt49zkdqF8oP8gP2yBz3DpXeMykZCadM2baZXZ,SUBARU,alive,0.0455,32.4,1,0,0,B
2026-03-16T14:16:50.097Z,pwZ5jRsFKyPGhgcS5uC9SrV3CxdsDptQuLQYiVhGz31,USOA,dead,-0.0807,3.7,30,0,0,B
2026-03-16T14:18:02.748Z,8jmgv1Z1QGyjYYfZ3jaut73QmFd9AnRPts71dYRKNCCj,ΤΙLLΥ,alive,0.0557,33.5,3,0,0,B
2026-03-16T14:20:13.988Z,pwZ5jRsFKyPGhgcS5uC9SrV3CxdsDptQuLQYiVhGz31,DREAM TEAM,alive,0.0530,31.8,31,0,0,B
2026-03-16T14:20:34.512Z,GeUnv1jmtviRbR7Gu1JnXSGkUMUgFVBHuEVQVpTaUX1W,POSSIBLE,alive,0.0077,17.6,24,0,0,B
2026-03-16T14:22:25.268Z,3SQWodDFPiPx1TEuxUyVoSZPPDZ8GSfimic5nu9N7pzW,YAT🦞,dead,-0.0137,-1.8,1,0,0,B
2026-03-16T14:23:56.584Z,J7XmiJesX6BUFh9HSqqqAkLaxzFdDL7VNToPXVpguKRV,Bee,alive,-0.0150,13.1,1,0,0,B
2026-03-16T14:25:40.106Z,7Mfu9FRPZd8tGWAYnRa9gaN8U6GXrkEdkzeYKTTseXjm,异瞳狮王,dead,-0.0198,-2.0,26,0,0,B
2026-03-16T14:26:40.500Z,Hp34goKgAhAYW6sw9iFAZofvDTr3DAhtkSKF1R9bAk2P,Jomvet,alive,0.0036,8.1,2,0,0,B
2026-03-16T14:26:41.238Z,Dkff5Xei55cuR3dY3Nowi3bxr3p8x75D2z8CYhThgEJu,BBX,alive,-0.0052,14.2,2,0,0,B
